,Ascan_id,aa1,position,score,aa2,uniprot_id,u_pos,note
441,ab40_ddg,non,non,1.98239436619718,non,P05067,non,largest
442,ab40_ddg,wt,wt,0,wt,P05067,wt,
443,ab40_ddg,F,4,-0.392018779342723,A,P05067,675,
444,ab40_ddg,H,13,0.577464788732394,A,P05067,684,
445,ab40_ddg,H,14,0.322769953051643,A,P05067,685,
446,ab40_ddg,Q,15,0.832159624413145,A,P05067,686,
447,ab40_ddg,K,16,1.2018779342723,A,P05067,687,
448,ab40_ddg,L,17,1.06220657276995,A,P05067,688,
449,ab40_ddg,V,18,1.32511737089201,A,P05067,689,
450,ab40_ddg,F,19,1.50586854460093,A,P05067,690,
451,ab40_ddg,F,20,0.799295774647887,A,P05067,691,
452,ab40_ddg,E,22,0.0352112676056339,A,P05067,693,
453,ab40_ddg,V,24,1.3744131455399,A,P05067,695,
454,ab40_ddg,G,25,0.815727699530516,A,P05067,696,
455,ab40_ddg,S,26,0.347417840375587,A,P05067,697,
456,ab40_ddg,N,27,1.02934272300469,A,P05067,698,
457,ab40_ddg,K,28,0.93075117370892,A,P05067,699,
458,ab40_ddg,G,29,-0.0469483568075115,A,P05067,700,
459,ab40_ddg,I,31,1.98239436619718,A,P05067,702,
460,ab40_ddg,I,32,1.037558685446,A,P05067,703,
461,ab40_ddg,G,33,0.528169014084507,A,P05067,704,
462,ab40_ddg,L,34,1.17723004694835,A,P05067,705,
463,ab40_ddg,M,35,1.11150234741784,A,P05067,706,
464,ab40_ddg,V,36,1.02934272300469,A,P05067,707,
465,ab40_ddg,G,37,0.774647887323943,A,P05067,708,
466,ab40_ddg,G,38,0.651408450704225,A,P05067,709,
467,ab40_ddg,V,39,0.28169014084507,A,P05067,710,
468,ab40_ddg,V,40,0.37206572769953,A,P05067,711,
