,Ascan_id,aa1,position,score,aa2,uniprot_id,u_pos,note
359,ace2_han_60_plasmid,non,non,0,non,Q9BYF1,non,
360,ace2_han_60_plasmid,wt,wt,100,wt,Q9BYF1,wt,
361,ace2_han_60_plasmid,E,22,71.8531468531469,A,Q9BYF1,22,
362,ace2_han_60_plasmid,E,23,73.6013986013986,A,Q9BYF1,23,
363,ace2_han_60_plasmid,K,26,39.1608391608392,A,Q9BYF1,26,
364,ace2_han_60_plasmid,D,30,44.5804195804196,A,Q9BYF1,30,
365,ace2_han_60_plasmid,K,31,69.93006993007,A,Q9BYF1,31,
366,ace2_han_60_plasmid,H,34,75,A,Q9BYF1,34,
367,ace2_han_60_plasmid,E,35,69.4055944055945,A,Q9BYF1,35,
368,ace2_han_60_plasmid,E,37,82.1678321678322,A,Q9BYF1,37,
369,ace2_han_60_plasmid,D,38,77.2727272727273,A,Q9BYF1,38,
370,ace2_han_60_plasmid,E,56,66.25874125874131,A,Q9BYF1,56,
371,ace2_han_60_plasmid,E,57,78.6713286713287,A,Q9BYF1,57,
372,ace2_han_60_plasmid,K,68,98.77622377622377,A,Q9BYF1,68,
373,ace2_han_60_plasmid,K,74,101.04895104895104,A,Q9BYF1,74,
374,ace2_han_60_plasmid,E,75,101.22377622377623,A,Q9BYF1,75,
