,Ascan_id,aa1,position,score,aa2,uniprot_id,u_pos,note
343,ace2_han_20,non,non,0,non,Q9BYF1,non,
344,ace2_han_20,wt,wt,100,wt,Q9BYF1,wt,
345,ace2_han_20,E,22,26.0720411663808,A,Q9BYF1,22,
346,ace2_han_20,E,23,20.926243567753,A,Q9BYF1,23,
347,ace2_han_20,K,26,7.71869639794169,A,Q9BYF1,26,
348,ace2_han_20,D,30,7.89022298456261,A,Q9BYF1,30,
349,ace2_han_20,K,31,32.7615780445969,A,Q9BYF1,31,
350,ace2_han_20,H,34,49.9142367066895,A,Q9BYF1,34,
351,ace2_han_20,E,35,33.9622641509434,A,Q9BYF1,35,
352,ace2_han_20,E,37,31.7324185248713,A,Q9BYF1,37,
353,ace2_han_20,D,38,15.7804459691252,A,Q9BYF1,38,
354,ace2_han_20,E,56,7.71869639794169,A,Q9BYF1,56,
355,ace2_han_20,E,57,19.8970840480274,A,Q9BYF1,57,
356,ace2_han_20,K,68,95.0257289879931,A,Q9BYF1,68,
357,ace2_han_20,K,74,109.777015437392,A,Q9BYF1,74,
358,ace2_han_20,E,75,85.934819897084,A,Q9BYF1,75,
