,Ascan_id,aa1,position,score,aa2,uniprot_id,u_pos,note
375,ace2_han_40_plasmid,non,non,0,non,Q9BYF1,non,
376,ace2_han_40_plasmid,wt,wt,100,wt,Q9BYF1,wt,
377,ace2_han_40_plasmid,E,22,74.502712477396,A,Q9BYF1,22,
378,ace2_han_40_plasmid,E,23,66.003616636528,A,Q9BYF1,23,
379,ace2_han_40_plasmid,K,26,42.4954792043399,A,Q9BYF1,26,
380,ace2_han_40_plasmid,D,30,30.7414104882459,A,Q9BYF1,30,
381,ace2_han_40_plasmid,K,31,66.003616636528,A,Q9BYF1,31,
382,ace2_han_40_plasmid,H,34,75.2260397830018,A,Q9BYF1,34,
383,ace2_han_40_plasmid,E,35,65.8227848101266,A,Q9BYF1,35,
384,ace2_han_40_plasmid,E,37,75.2260397830018,A,Q9BYF1,37,
385,ace2_han_40_plasmid,D,38,63.6528028933092,A,Q9BYF1,38,
386,ace2_han_40_plasmid,E,56,32.9113924050633,A,Q9BYF1,56,
387,ace2_han_40_plasmid,E,57,41.5913200723327,A,Q9BYF1,57,
388,ace2_han_40_plasmid,K,68,106.871609403254,A,Q9BYF1,68,
389,ace2_han_40_plasmid,K,74,95.1175406871609,A,Q9BYF1,74,
390,ace2_han_40_plasmid,E,75,104.339963833634,A,Q9BYF1,75,
