,Ascan_id,aa1,position,score,aa2,uniprot_id,u_pos,note
327,ace2_han_60,non,non,0,non,Q9BYF1,non,
328,ace2_han_60,wt,wt,100,wt,Q9BYF1,wt,
329,ace2_han_60,E,22,94.6766851045083,A,Q9BYF1,22,
330,ace2_han_60,E,23,75.2851338783102,A,Q9BYF1,23,
331,ace2_han_60,K,26,50.9496304273336,A,Q9BYF1,26,
332,ace2_han_60,D,30,56.7624455431004,A,Q9BYF1,30,
333,ace2_han_60,K,31,64.0682363307063,A,Q9BYF1,31,
334,ace2_han_60,H,34,91.8253463214058,A,Q9BYF1,34,
335,ace2_han_60,E,35,88.2128346957756,A,Q9BYF1,35,
336,ace2_han_60,E,37,73.3834255225414,A,Q9BYF1,37,
337,ace2_han_60,D,38,92.9658818346468,A,Q9BYF1,38,
338,ace2_han_60,E,56,70.1527240687258,A,Q9BYF1,56,
339,ace2_han_60,E,57,60.2672671202702,A,Q9BYF1,57,
340,ace2_han_60,K,68,96.578393460277,A,Q9BYF1,68,
341,ace2_han_60,K,74,88.2128346957756,A,Q9BYF1,74,
342,ace2_han_60,E,75,100.949630427333,A,Q9BYF1,75,
