,Ascan_id,aa1,position,score,aa2,uniprot_id,u_pos,note
311,ace2_li_bind,non,non,0,non,Q9BYF1,non,
312,ace2_li_bind,wt,wt,96.7237858474651,wt,Q9BYF1,wt,
313,ace2_li_bind,E,37,94.1378851105389,A,Q9BYF1,37,
314,ace2_li_bind,D,38,90.0004439314569,A,Q9BYF1,38,
315,ace2_li_bind,Y,41,11.7242297789221,A,Q9BYF1,41,
316,ace2_li_bind,K,309,100,A,Q9BYF1,309,
317,ace2_li_bind,E,312,97.0700523839119,A,Q9BYF1,312,
318,ace2_li_bind,T,324,95.3453786735327,A,Q9BYF1,324,
319,ace2_li_bind,D,350,100,A,Q9BYF1,350,
320,ace2_li_bind,K,353,3.79339429992008,A,Q9BYF1,353,
321,ace2_li_bind,D,355,20.3453786735328,A,Q9BYF1,355,
322,ace2_li_bind,R,357,17.9326112048299,A,Q9BYF1,357,
323,ace2_li_bind,L,359,104.483707715528,A,Q9BYF1,359,
324,ace2_li_bind,M,383,70.0013317943709,A,Q9BYF1,383,
325,ace2_li_bind,P,389,81.1173754772263,A,Q9BYF1,389,
326,ace2_li_bind,R,393,83.4480156263872,A,Q9BYF1,393,
