,Ascan_id,aa1,position,score,aa2,uniprot_id,u_pos,note
104,brca1_myc,non,non,0,non,P38398,non,
105,brca1_myc,wt,wt,1,wt,P38398,wt,
106,brca1_myc,I,26,0.8246898634581352,A,P38398,26,
107,brca1_myc,C,27,0.019851895337513414,A,P38398,27,
108,brca1_myc,L,28,-0.032301632217755394,A,P38398,28,
109,brca1_myc,C,44,-0.2755606809116675,A,P38398,44,
110,brca1_myc,K,45,0.02258691417599845,A,P38398,45,
111,brca1_myc,L,51,0.993032394487163,A,P38398,51,
112,brca1_myc,K,55,0.79557276640299,A,P38398,55,
113,brca1_myc,K,65,1.7202925993435565,A,P38398,65,
114,brca1_myc,K,32,1.356102187000003,A,P38398,32,
115,brca1_myc,P,34,2.6294781242745655,A,P38398,34,
116,brca1_myc,S,36,0.7413737428835838,A,P38398,36,
117,brca1_myc,T,37,1.2631037307769581,A,P38398,37,
