,Ascan_id,aa1,position,score,aa2,uniprot_id,u_pos,note
2214,brca1_twoler_ssa,wt,wt,1,wt,P38398,wt,
2215,brca1_twoler_ssa,non,non,0.24907063197026,non,P38398,non,
2216,brca1_twoler_ssa,M,18,0.28996282527881,T,P38398,18,
2217,brca1_twoler_ssa,I,21,1.05947955390334,V,P38398,21,
2218,brca1_twoler_ssa,C,24,0.278810408921932,R,P38398,24,
2219,brca1_twoler_ssa,C,27,0.256505576208178,A,P38398,27,
2220,brca1_twoler_ssa,I,31,1.74349442379182,M,P38398,31,
2221,brca1_twoler_ssa,T,37,0.304832713754646,R,P38398,37,
2222,brca1_twoler_ssa,C,39,0.286245353159851,Y,P38398,39,
2223,brca1_twoler_ssa,H,41,0.301115241635687,R,P38398,41,
2224,brca1_twoler_ssa,I,42,1.05576208178438,V,P38398,42,
2225,brca1_twoler_ssa,C,44,0.323420074349442,F,P38398,44,
2226,brca1_twoler_ssa,C,47,0.379182156133828,G,P38398,47,
2227,brca1_twoler_ssa,L,52,0.684014869888475,F,P38398,52,
2228,brca1_twoler_ssa,C,61,0.215613382899628,G,P38398,61,
2229,brca1_twoler_ssa,C,64,0.104089219330854,G,P38398,64,
2230,brca1_twoler_ssa,D,67,1.35315985130111,Y,P38398,67,
2231,brca1_twoler_ssa,R,71,1.02230483271375,G,P38398,71,
2232,brca1_twoler_ssa,I,90,0.468401486988847,T,P38398,90,
2233,brca1_twoler_ssa,Y,105,0.676579925650557,C,P38398,105,
2234,brca1_twoler_ssa,I,124,0.423791821561338,V,P38398,124,
2235,brca1_twoler_ssa,N,132,1.21189591078066,K,P38398,132,
2236,brca1_twoler_ssa,R,133,1.28252788104089,H,P38398,133,
2237,brca1_twoler_ssa,P,142,0.754646840148698,H,P38398,142,
2238,brca1_twoler_ssa,E,143,0.736059479553903,K,P38398,143,
2239,brca1_twoler_ssa,S,153,0.531598513011152,R,P38398,153,
2240,brca1_twoler_ssa,R,170,0.817843866171003,Q,P38398,170,
2241,brca1_twoler_ssa,Y,179,1.00371747211895,C,P38398,179,
2242,brca1_twoler_ssa,S,186,0.591078066914498,Y,P38398,186,
2243,brca1_twoler_ssa,V,191,0.416356877323419,D,P38398,191,
2244,brca1_twoler_ssa,M,1775,0.278810408921932,R,P38398,1775,
