,Ascan_id,aa1,position,score,aa2,uniprot_id,u_pos,note
2196,brca1_ransburgh_hdr,wt,wt,0.997570850202429,wt,P38398,wt,
2197,brca1_ransburgh_hdr,non,non,0.103643724696356,non,P38398,non,
2198,brca1_ransburgh_hdr,M,18,0.161943319838056,T,P38398,18,
2199,brca1_ransburgh_hdr,I,21,0.991093117408907,V,P38398,21,
2200,brca1_ransburgh_hdr,C,24,0.136032388663967,R,P38398,24,
2201,brca1_ransburgh_hdr,C,27,0.139271255060728,A,P38398,27,
2202,brca1_ransburgh_hdr,I,31,0.955465587044534,M,P38398,31,
2203,brca1_ransburgh_hdr,T,37,0.139271255060728,R,P38398,37,
2204,brca1_ransburgh_hdr,C,39,0.113360323886639,Y,P38398,39,
2205,brca1_ransburgh_hdr,H,41,0.142510121457489,R,P38398,41,
2206,brca1_ransburgh_hdr,I,42,1.05910931174089,V,P38398,42,
2207,brca1_ransburgh_hdr,C,44,0.161943319838056,F,P38398,44,
2208,brca1_ransburgh_hdr,C,47,0.158704453441295,G,P38398,47,
2209,brca1_ransburgh_hdr,L,52,1.01700404858299,F,P38398,52,
2210,brca1_ransburgh_hdr,C,61,0.158704453441295,G,P38398,61,
2211,brca1_ransburgh_hdr,C,64,0.145748987854251,G,P38398,64,
2212,brca1_ransburgh_hdr,D,67,1.09797570850202,Y,P38398,67,
2213,brca1_ransburgh_hdr,R,71,1.22753036437246,G,P38398,71,
