,Ascan_id,aa1,position,score,aa2,uniprot_id,u_pos,note
6,brca1_yeast_growth,wt,wt,13426.3715110683,wt,P38398,wt,
7,brca1_yeast_growth,L,1600,12560.1539942252,E,P38398,1600,
8,brca1_yeast_growth,K,1601,17757.4590952839,E,P38398,1601,
9,brca1_yeast_growth,K,1606,19489.8941289701,E,P38398,1606,
10,brca1_yeast_growth,A,1608,16025.0240615976,V,P38398,1608,
11,brca1_yeast_growth,S,1613,12560.1539942252,C,P38398,1613,
12,brca1_yeast_growth,A,1615,6929.74013474492,D,P38398,1615,
13,brca1_yeast_growth,M,1628,6929.74013474492,V,P38398,1628,
14,brca1_yeast_growth,M,1628,6929.74013474492,T,P38398,1628,
15,brca1_yeast_growth,P,1637,5197.30510105871,L,P38398,1637,
16,brca1_yeast_growth,A,1641,21655.4379210779,T,P38398,1641,
17,brca1_yeast_growth,M,1652,99615.0144369586,T,P38398,1652,
18,brca1_yeast_growth,M,1652,242974.013474494,K,P38398,1652,
19,brca1_yeast_growth,V,1653,25120.3079884504,M,P38398,1653,
20,brca1_yeast_growth,S,1655,172810.394610202,F,P38398,1655,
21,brca1_yeast_growth,T,1720,21222.3291626563,A,P38398,1720,
22,brca1_yeast_growth,T,1720,17757.4590952839,I,P38398,1720,
23,brca1_yeast_growth,V,1736,90952.8392685274,A,P38398,1736,
24,brca1_yeast_growth,D,1739,125168.43118383,E,P38398,1739,
25,brca1_yeast_growth,D,1739,130365.736284889,G,P38398,1739,
26,brca1_yeast_growth,M,1775,108710.298363811,R,P38398,1775,
27,brca1_yeast_growth,M,1783,103512.993262752,T,P38398,1783,
28,brca1_yeast_growth,G,1788,203128.007699711,V,P38398,1788,
29,brca1_yeast_growth,V,1804,8662.17516843114,A,P38398,1804,
30,brca1_yeast_growth,V,1804,23387.8729547641,D,P38398,1804,
31,brca1_yeast_growth,P,1806,19923.0028873917,A,P38398,1806,
32,brca1_yeast_growth,V,1808,103079.884504331,A,P38398,1808,
33,brca1_yeast_growth,V,1810,110875.842155919,G,P38398,1810,
34,brca1_yeast_growth,N,1819,8662.17516843114,Y,P38398,1819,
35,brca1_yeast_growth,V,1833,116506.256015399,M,P38398,1833,
36,brca1_yeast_growth,non,non,414051.97305101,non,P38398,non,
