,Ascan_id,aa1,position,score,aa2,uniprot_id,u_pos,note
1517,brca1_mono_ub,non,non,0,non,P38398,non,
1518,brca1_mono_ub,wt,wt,1,wt,P38398,wt,
1519,brca1_mono_ub,I,26,0.09781924912163409,A,P38398,26,
1520,brca1_mono_ub,C,27,0.021579506112099023,A,P38398,27,
1521,brca1_mono_ub,L,28,0.3065961470208798,A,P38398,28,
1522,brca1_mono_ub,C,44,0.06465166762750152,A,P38398,44,
1523,brca1_mono_ub,K,45,0.03713673712997678,A,P38398,45,
1524,brca1_mono_ub,L,51,1.5238672007281062,A,P38398,51,
1525,brca1_mono_ub,K,55,1.5891416896547192,A,P38398,55,
1526,brca1_mono_ub,K,65,0.32875986632944587,A,P38398,65,
1527,brca1_mono_ub,K,32,1.9216663188194818,A,P38398,32,
1528,brca1_mono_ub,P,34,0.8790189806491627,A,P38398,34,
1529,brca1_mono_ub,S,36,1.8938339716705381,A,P38398,36,
1530,brca1_mono_ub,T,37,1.4847182802435182,A,P38398,37,
