,Ascan_id,aa1,position,score,aa2,uniprot_id,u_pos,note
3079,brca1_starita2015_hdr,non,non,0.179059180576631,non,P38398,non,
3080,brca1_starita2015_hdr,wt,wt,0.998482549317147,wt,P38398,wt,
3081,brca1_starita2015_hdr,R,7,0.820940819423368,C,P38398,7,
3082,brca1_starita2015_hdr,R,7,1.00606980273141,H,P38398,7,
3083,brca1_starita2015_hdr,E,9,1.13657056145675,Q,P38398,9,
3084,brca1_starita2015_hdr,I,15,0.352048558421851,T,P38398,15,
3085,brca1_starita2015_hdr,L,22,0.330804248861912,S,P38398,22,
3086,brca1_starita2015_hdr,L,28,0.315629742033383,P,P38398,28,
3087,brca1_starita2015_hdr,L,30,0.831562974203338,F,P38398,30,
3088,brca1_starita2015_hdr,K,38,1.09863429438543,N,P38398,38,
3089,brca1_starita2015_hdr,C,44,0.185128983308042,S,P38398,44,
3090,brca1_starita2015_hdr,K,45,0.839150227617602,N,P38398,45,
3091,brca1_starita2015_hdr,K,45,0.772382397572078,Q,P38398,45,
3092,brca1_starita2015_hdr,L,49,0.779969650986342,M,P38398,49,
3093,brca1_starita2015_hdr,D,67,1.04400606980273,E,P38398,67,
3094,brca1_starita2015_hdr,I,68,1.03490136570561,K,P38398,68,
3095,brca1_starita2015_hdr,S,72,0.981790591805766,R,P38398,72,
3096,brca1_starita2015_hdr,L,87,0.919575113808801,V,P38398,87,
3097,brca1_starita2015_hdr,I,89,0.898330804248861,A,P38398,89,
3098,brca1_starita2015_hdr,I,89,0.145675265553869,E,P38398,89,
3099,brca1_starita2015_hdr,I,89,1.01972685887708,F,P38398,89,
3100,brca1_starita2015_hdr,I,89,0.984825493171472,M,P38398,89,
3101,brca1_starita2015_hdr,I,90,0.796661608497723,A,P38398,90,
3102,brca1_starita2015_hdr,I,90,0.81638846737481,E,P38398,90,
3103,brca1_starita2015_hdr,I,90,0.743550834597875,F,P38398,90,
3104,brca1_starita2015_hdr,F,93,0.37329286798179,A,P38398,93,
3105,brca1_starita2015_hdr,F,93,0.188163884673748,D,P38398,93,
3106,brca1_starita2015_hdr,F,93,0.704097116843702,Y,P38398,93,
3107,brca1_starita2015_hdr,D,96,0.218512898330804,N,P38398,96,
3108,brca1_starita2015_hdr,G,98,0.763277693474962,C,P38398,98,
