,Ascan_id,aa1,position,score,aa2,uniprot_id,u_pos,note
59,cbs,non,non,0.06584,non,P35520,non,
60,cbs,wt,wt,1.005,wt,P35520,wt,
61,cbs,V,160,0.928400954653938,A,P35520,160,
62,cbs,V,180,0.12979351032448375,A,P35520,180,
63,cbs,V,204,0.08540372670807453,A,P35520,204,
64,cbs,T,260,0.8951351351351351,A,P35520,260,
65,cbs,E,292,1.0448028673835124,A,P35520,292,
66,cbs,V,354,0.8278221208665906,A,P35520,354,
67,cbs,D,376,0.08130081300813008,A,P35520,376,
68,cbs,S,377,0.6414507772020726,A,P35520,377,
69,cbs,T,403,1.0595446584938704,A,P35520,403,
