,Ascan_id,aa1,position,score,aa2,uniprot_id,u_pos,note
2913,cbs_kopecka_baralay,R,266,61.5384615384615,K,P35520,266,
2914,cbs_kopecka_baralay,P,422,58.4615384615384,L,P35520,422,
2915,cbs_kopecka_baralay,R,369,9.23076923076922,C,P35520,369,
2916,cbs_kopecka_baralay,A,114,95.3846153846154,V,P35520,114,
2917,cbs_kopecka_baralay,P,78,21.5384615384615,R,P35520,78,
2918,cbs_kopecka_baralay,R,125,9.23076923076922,Q,P35520,125,
2919,cbs_kopecka_baralay,K,102,9.23076923076922,N,P35520,102,
2920,cbs_kopecka_baralay,V,180,33.8461538461538,A,P35520,180,
2921,cbs_kopecka_baralay,P,49,159.999999999999,L,P35520,49,
2922,cbs_kopecka_baralay,E,302,141.538461538461,K,P35520,302,
2923,cbs_kopecka_baralay,S,466,356.923076923076,L,P35520,466,
2924,cbs_kopecka_baralay,wt,wt,110.76923076923,wt,P35520,wt,
2925,cbs_kopecka_baralay,non,non,0,non,P35520,non,Defined by logic
