,Ascan_id,aa1,position,score,aa2,uniprot_id,u_pos,note
2982,cbs_singh_05,wt,wt,100,wt,P35520,wt,
2983,cbs_singh_05,non,non,0,non,P35520,non,Defined by logic
2984,cbs_singh_05,I,278,0,T,P35520,278,
2985,cbs_singh_05,Q,526,63.3503401360544,K,P35520,526,
2986,cbs_singh_05,K,102,113.520408163265,Q,P35520,102,
2987,cbs_singh_05,V,320,31.0374149659863,A,P35520,320,
