,Ascan_id,aa1,position,score,aa2,uniprot_id,u_pos,note
2962,cbs_kopecka_barglyy,H,65,11.8110236220472,R,P35520,65,
2963,cbs_kopecka_barglyy,R,266,56.6929133858267,K,P35520,266,
2964,cbs_kopecka_barglyy,P,422,115.748031496062,L,P35520,422,
2965,cbs_kopecka_barglyy,R,369,7.08661417322824,C,P35520,369,
2966,cbs_kopecka_barglyy,P,78,30.7086614173227,R,P35520,78,
2967,cbs_kopecka_barglyy,R,125,4.72440944881883,Q,P35520,125,
2968,cbs_kopecka_barglyy,K,102,18.8976377952755,N,P35520,102,
2969,cbs_kopecka_barglyy,E,176,16.5354330708661,K,P35520,176,
2970,cbs_kopecka_barglyy,V,180,42.51968503937,A,P35520,180,
2971,cbs_kopecka_barglyy,I,435,257.48031496063,T,P35520,435,
2972,cbs_kopecka_barglyy,P,49,120.472440944881,L,P35520,49,
2973,cbs_kopecka_barglyy,S,466,340.15748031496,L,P35520,466,
2974,cbs_kopecka_barglyy,wt,wt,118.110236220472,wt,P35520,wt,
2975,cbs_kopecka_barglyy,non,non,0,non,P35520,non,Defined by logic
