,Ascan_id,aa1,position,score,aa2,uniprot_id,u_pos,note
2948,cbs_kopecka_barglyn,H,65,2.36220472440941,R,P35520,65,
2949,cbs_kopecka_barglyn,R,266,14.1732283464566,K,P35520,266,
2950,cbs_kopecka_barglyn,P,422,47.2440944881888,L,P35520,422,
2951,cbs_kopecka_barglyn,R,369,0,C,P35520,369,
2952,cbs_kopecka_barglyn,P,78,7.08661417322824,R,P35520,78,
2953,cbs_kopecka_barglyn,R,125,0,Q,P35520,125,
2954,cbs_kopecka_barglyn,K,102,2.36220472440941,N,P35520,102,
2955,cbs_kopecka_barglyn,E,176,2.36220472440941,K,P35520,176,
2956,cbs_kopecka_barglyn,V,180,9.44881889763785,A,P35520,180,
2957,cbs_kopecka_barglyn,I,435,162.992125984251,T,P35520,435,
2958,cbs_kopecka_barglyn,P,49,92.1259842519685,L,P35520,49,
2959,cbs_kopecka_barglyn,S,466,174.803149606299,L,P35520,466,
2960,cbs_kopecka_barglyn,wt,wt,96.8503937007874,wt,P35520,wt,
2961,cbs_kopecka_barglyn,non,non,0,non,P35520,non,Defined by logic
