,Ascan_id,aa1,position,score,aa2,uniprot_id,u_pos,note
2937,cbs_kopecka_barbetay,R,266,52.2388059701491,K,P35520,266,
2938,cbs_kopecka_barbetay,R,369,7.46268656716407,C,P35520,369,
2939,cbs_kopecka_barbetay,P,78,33.5820895522386,R,P35520,78,
2940,cbs_kopecka_barbetay,R,125,7.46268656716407,Q,P35520,125,
2941,cbs_kopecka_barbetay,K,102,22.3880597014925,N,P35520,102,
2942,cbs_kopecka_barbetay,V,180,22.3880597014925,A,P35520,180,
2943,cbs_kopecka_barbetay,I,435,421.641791044776,T,P35520,435,
2944,cbs_kopecka_barbetay,P,49,317.164179104477,L,P35520,49,
2945,cbs_kopecka_barbetay,S,466,533.582089552238,L,P35520,466,
2946,cbs_kopecka_barbetay,wt,wt,115.671641791044,wt,P35520,wt,
2947,cbs_kopecka_barbetay,non,non,0,non,P35520,non,Defined by logic
