,Ascan_id,aa1,position,score,aa2,uniprot_id,u_pos,note
2926,cbs_kopecka_barbetan,R,266,33.5820895522386,K,P35520,266,
2927,cbs_kopecka_barbetan,R,369,7.46268656716407,C,P35520,369,
2928,cbs_kopecka_barbetan,P,78,26.1194029850745,R,P35520,78,
2929,cbs_kopecka_barbetan,R,125,7.46268656716407,Q,P35520,125,
2930,cbs_kopecka_barbetan,K,102,14.9253731343281,N,P35520,102,
2931,cbs_kopecka_barbetan,V,180,14.9253731343281,A,P35520,180,
2932,cbs_kopecka_barbetan,I,435,287.31343283582,T,P35520,435,
2933,cbs_kopecka_barbetan,P,49,238.805970149253,L,P35520,49,
2934,cbs_kopecka_barbetan,S,466,414.179104477611,L,P35520,466,
2935,cbs_kopecka_barbetan,wt,wt,100.746268656716,wt,P35520,wt,
2936,cbs_kopecka_barbetan,non,non,0,non,P35520,non,Defined by logic
