,Ascan_id,aa1,position,score,aa2,uniprot_id,u_pos,note
2994,cbs_singh_2,wt,wt,100,wt,P35520,wt,
2995,cbs_singh_2,non,non,0,non,P35520,non,Defined by logic
2996,cbs_singh_2,I,278,8.07823129251701,T,P35520,278,
2997,cbs_singh_2,Q,526,73.1292517006802,K,P35520,526,
2998,cbs_singh_2,K,102,101.615646258503,Q,P35520,102,
2999,cbs_singh_2,V,320,79.0816326530612,A,P35520,320,
