,Ascan_id,aa1,position,score,aa2,uniprot_id,u_pos,note
900,ccr5_blanpain_mip1b,non,non,0,non,P51681,non,
901,ccr5_blanpain_mip1b,wt,wt,2822.13438735177,wt,P51681,wt,
902,ccr5_blanpain_mip1b,D,2,1009.8814229249,A,P51681,2,
903,ccr5_blanpain_mip1b,Y,3,1853.75494071146,A,P51681,3,
904,ccr5_blanpain_mip1b,Q,4,6626.48221343873,A,P51681,4,
905,ccr5_blanpain_mip1b,V,5,3181.81818181818,A,P51681,5,
906,ccr5_blanpain_mip1b,S,6,3223.32015810276,A,P51681,6,
907,ccr5_blanpain_mip1b,S,7,1798.41897233201,A,P51681,7,
908,ccr5_blanpain_mip1b,P,8,3264.82213438735,A,P51681,8,
909,ccr5_blanpain_mip1b,I,9,2711.46245059288,A,P51681,9,
910,ccr5_blanpain_mip1b,Y,10,428.853754940711,A,P51681,10,
911,ccr5_blanpain_mip1b,D,11,166.00790513834,A,P51681,11,
912,ccr5_blanpain_mip1b,I,12,2102.76679841897,A,P51681,12,
913,ccr5_blanpain_mip1b,N,13,1494.07114624505,A,P51681,13,
914,ccr5_blanpain_mip1b,E,18,345.849802371541,A,P51681,18,
