,Ascan_id,aa1,position,score,aa2,uniprot_id,u_pos,note
570,ccr5_rabut_jrfl,non,non,0,non,P51681,non,
571,ccr5_rabut_jrfl,wt,wt,100.318471337579,wt,P51681,wt,
572,ccr5_rabut_jrfl,Y,3,81.4012738853503,A,P51681,3,
573,ccr5_rabut_jrfl,Q,4,124.968152866242,A,P51681,4,
574,ccr5_rabut_jrfl,S,6,112.356687898089,A,P51681,6,
575,ccr5_rabut_jrfl,S,7,103.184713375796,A,P51681,7,
576,ccr5_rabut_jrfl,P,8,138.726114649681,A,P51681,8,
577,ccr5_rabut_jrfl,Y,10,31.5286624203821,A,P51681,10,
578,ccr5_rabut_jrfl,Y,14,24.6496815286624,A,P51681,14,
579,ccr5_rabut_jrfl,Y,15,2.29299363057326,A,P51681,15,
580,ccr5_rabut_jrfl,T,16,114.076433121019,A,P51681,16,
581,ccr5_rabut_jrfl,S,17,27.5159235668789,A,P51681,17,
582,ccr5_rabut_jrfl,P,19,130.700636942675,A,P51681,19,
583,ccr5_rabut_jrfl,C,20,29.2356687898089,A,P51681,20,
584,ccr5_rabut_jrfl,Q,21,106.050955414012,A,P51681,21,
585,ccr5_rabut_jrfl,N,24,122.101910828025,A,P51681,24,
586,ccr5_rabut_jrfl,Q,27,122.101910828025,A,P51681,27,
