,Ascan_id,aa1,position,score,aa2,uniprot_id,u_pos,note
604,ccr5_rabut_gun1,non,non,0,non,P51681,non,
605,ccr5_rabut_gun1,wt,wt,100.062111801242,wt,P51681,wt,
606,ccr5_rabut_gun1,Y,3,36.8944099378881,A,P51681,3,
607,ccr5_rabut_gun1,Q,4,98.3850931677018,A,P51681,4,
608,ccr5_rabut_gun1,S,6,105.652173913043,A,P51681,6,
609,ccr5_rabut_gun1,S,7,102.857142857142,A,P51681,7,
610,ccr5_rabut_gun1,P,8,107.888198757763,A,P51681,8,
611,ccr5_rabut_gun1,Y,10,1.11801242236024,A,P51681,10,
612,ccr5_rabut_gun1,Y,14,0,A,P51681,14,
613,ccr5_rabut_gun1,Y,15,-0.559006211180144,A,P51681,15,
614,ccr5_rabut_gun1,T,16,120.745341614906,A,P51681,16,
615,ccr5_rabut_gun1,S,17,21.8012422360248,A,P51681,17,
616,ccr5_rabut_gun1,P,19,120.745341614906,A,P51681,19,
617,ccr5_rabut_gun1,C,20,11.1801242236024,A,P51681,20,
618,ccr5_rabut_gun1,Q,21,124.658385093167,A,P51681,21,
619,ccr5_rabut_gun1,N,24,101.180124223602,A,P51681,24,
620,ccr5_rabut_gun1,Q,27,101.739130434782,A,P51681,27,
