,Ascan_id,aa1,position,score,aa2,uniprot_id,u_pos,note
726,ccr5_dragic_ada,non,non,0,non,P51681,non,
727,ccr5_dragic_ada,wt,wt,101.31926121372,wt,P51681,wt,
728,ccr5_dragic_ada,D,2,35.4617414248021,A,P51681,2,
729,ccr5_dragic_ada,D,11,27.862796833773,A,P51681,11,
730,ccr5_dragic_ada,E,18,11.820580474934,A,P51681,18,
731,ccr5_dragic_ada,D,95,86.9656992084432,A,P51681,95,
732,ccr5_dragic_ada,E,262,128.337730870712,A,P51681,262,
733,ccr5_dragic_ada,K,22,101.74142480211,A,P51681,22,
734,ccr5_dragic_ada,K,26,108.918205804749,A,P51681,26,
735,ccr5_dragic_ada,R,31,86.9656992084432,A,P51681,31,
736,ccr5_dragic_ada,H,88,100.897097625329,A,P51681,88,
737,ccr5_dragic_ada,R,168,127.07124010554,A,P51681,168,
738,ccr5_dragic_ada,H,175,119.894459102902,A,P51681,175,
739,ccr5_dragic_ada,H,181,78.9445910290237,A,P51681,181,
740,ccr5_dragic_ada,N,13,108.783068783068,A,P51681,13,
741,ccr5_dragic_ada,Q,93,140.5291005291,A,P51681,93,
742,ccr5_dragic_ada,Q,102,88.8888888888888,A,P51681,102,
743,ccr5_dragic_ada,Y,184,62.6455026455025,A,P51681,184,
744,ccr5_dragic_ada,Q,188,79.9999999999999,A,P51681,188,
