,Ascan_id,aa1,position,score,aa2,uniprot_id,u_pos,note
519,ccr5_nave_mip2,non,non,1222.22222222222,non,P51681,non,
520,ccr5_nave_mip2,wt,wt,9592.59259259259,wt,P51681,wt,
521,ccr5_nave_mip2,D,2,4814.81481481481,A,P51681,2,
522,ccr5_nave_mip2,D,11,37.0370370370382,A,P51681,11,
523,ccr5_nave_mip2,E,18,740.740740740741,A,P51681,18,
524,ccr5_nave_mip2,K,22,11148.1481481481,A,P51681,22,
525,ccr5_nave_mip2,K,26,10592.5925925925,A,P51681,26,
526,ccr5_nave_mip2,R,31,9259.25925925926,A,P51681,31,
527,ccr5_nave_mip2,D,95,6777.77777777777,A,P51681,95,
528,ccr5_nave_mip2,R,168,7222.22222222222,A,P51681,168,
529,ccr5_nave_mip2,K,171,5037.03703703703,A,P51681,171,
530,ccr5_nave_mip2,E,172,5925.92592592592,A,P51681,172,
531,ccr5_nave_mip2,K,191,8222.22222222222,A,P51681,191,
532,ccr5_nave_mip2,K,197,9962.96296296296,A,P51681,197,
533,ccr5_nave_mip2,E,262,10333.3333333333,A,P51681,262,
534,ccr5_nave_mip2,R,274,5666.66666666666,A,P51681,274,
535,ccr5_nave_mip2,D,276,8259.25925925926,A,P51681,276,
