,Ascan_id,aa1,position,score,aa2,uniprot_id,u_pos,note
745,ccr5_dragic_jrfl,non,non,0,non,P51681,non,
746,ccr5_dragic_jrfl,wt,wt,101.31926121372,wt,P51681,wt,
747,ccr5_dragic_jrfl,D,2,43.4828496042216,A,P51681,2,
748,ccr5_dragic_jrfl,D,11,23.2189973614775,A,P51681,11,
749,ccr5_dragic_jrfl,E,18,5.910290237467,A,P51681,18,
750,ccr5_dragic_jrfl,D,95,90.3430079155673,A,P51681,95,
751,ccr5_dragic_jrfl,E,262,125.804749340369,A,P51681,262,
752,ccr5_dragic_jrfl,K,22,92.4538258575197,A,P51681,22,
753,ccr5_dragic_jrfl,K,26,119.050131926121,A,P51681,26,
754,ccr5_dragic_jrfl,R,31,89.4986807387862,A,P51681,31,
755,ccr5_dragic_jrfl,H,88,87.3878627968337,A,P51681,88,
756,ccr5_dragic_jrfl,R,168,89.4986807387862,A,P51681,168,
757,ccr5_dragic_jrfl,H,175,109.76253298153,A,P51681,175,
758,ccr5_dragic_jrfl,H,181,101.31926121372,A,P51681,181,
759,ccr5_dragic_jrfl,N,13,93.9682539682539,A,P51681,13,
760,ccr5_dragic_jrfl,Q,93,128.253968253968,A,P51681,93,
761,ccr5_dragic_jrfl,Q,102,80.4232804232803,A,P51681,102,
762,ccr5_dragic_jrfl,Y,184,75.7671957671957,A,P51681,184,
763,ccr5_dragic_jrfl,Q,188,91.005291005291,A,P51681,188,
