,Ascan_id,aa1,position,score,aa2,uniprot_id,u_pos,note
469,ccr5_nave_227r,non,non,9.25925925925928,non,P51681,non,
470,ccr5_nave_227r,wt,wt,870.37037037037,wt,P51681,wt,
471,ccr5_nave_227r,D,2,1212.96296296296,A,P51681,2,
472,ccr5_nave_227r,E,18,740.74074074074,A,P51681,18,
473,ccr5_nave_227r,K,22,1546.29629629629,A,P51681,22,
474,ccr5_nave_227r,K,26,754.629629629629,A,P51681,26,
475,ccr5_nave_227r,R,31,634.259259259259,A,P51681,31,
476,ccr5_nave_227r,D,95,337.962962962962,A,P51681,95,
477,ccr5_nave_227r,R,168,379.629629629629,A,P51681,168,
478,ccr5_nave_227r,K,171,662.037037037037,A,P51681,171,
479,ccr5_nave_227r,E,172,652.777777777777,A,P51681,172,
480,ccr5_nave_227r,K,191,810.185185185185,A,P51681,191,
481,ccr5_nave_227r,K,197,962.962962962962,A,P51681,197,
482,ccr5_nave_227r,E,262,1652.77777777777,A,P51681,262,
483,ccr5_nave_227r,R,274,379.629629629629,A,P51681,274,
484,ccr5_nave_227r,D,276,1037.03703703703,A,P51681,276,
