,Ascan_id,aa1,position,score,aa2,uniprot_id,u_pos,note
963,ccr5_tan_jrfl,non,non,0,non,P51681,non,
964,ccr5_tan_jrfl,wt,wt,100,wt,P51681,wt,
965,ccr5_tan_jrfl,Q,21,106.027820710973,A,P51681,21,
966,ccr5_tan_jrfl,K,22,102.627511591962,A,P51681,22,
967,ccr5_tan_jrfl,I,23,170.01545595054,A,P51681,23,
968,ccr5_tan_jrfl,N,24,153.941267387944,A,P51681,24,
969,ccr5_tan_jrfl,V,25,112.210200927357,A,P51681,25,
970,ccr5_tan_jrfl,K,26,97.3724884080371,A,P51681,26,
971,ccr5_tan_jrfl,Q,27,88.0989180834621,A,P51681,27,
972,ccr5_tan_jrfl,I,28,70.1700154559505,A,P51681,28,
973,ccr5_tan_jrfl,R,31,90.5718701700154,A,P51681,31,
974,ccr5_tan_jrfl,L,32,50.0772797527047,A,P51681,32,
975,ccr5_tan_jrfl,L,33,119.629057187017,A,P51681,33,
976,ccr5_tan_jrfl,P,34,97.9907264296754,A,P51681,34,
977,ccr5_tan_jrfl,P,35,126.738794435857,A,P51681,35,
978,ccr5_tan_jrfl,L,36,82.2256568778979,A,P51681,36,
979,ccr5_tan_jrfl,Y,37,64.9149922720247,A,P51681,37,
980,ccr5_tan_jrfl,S,38,107.882534775888,A,P51681,38,
