,Ascan_id,aa1,position,score,aa2,uniprot_id,u_pos,note
945,ccr5_tan_exp,non,non,0,non,P51681,non,
946,ccr5_tan_exp,wt,wt,100,wt,P51681,wt,
947,ccr5_tan_exp,Q,21,99.0521327014218,A,P51681,21,
948,ccr5_tan_exp,K,22,121.090047393364,A,P51681,22,
949,ccr5_tan_exp,I,23,100,A,P51681,23,
950,ccr5_tan_exp,N,24,96.9194312796208,A,P51681,24,
951,ccr5_tan_exp,V,25,107.109004739336,A,P51681,25,
952,ccr5_tan_exp,K,26,117.061611374407,A,P51681,26,
953,ccr5_tan_exp,Q,27,103.791469194312,A,P51681,27,
954,ccr5_tan_exp,I,28,109.004739336492,A,P51681,28,
955,ccr5_tan_exp,R,31,102.843601895734,A,P51681,31,
956,ccr5_tan_exp,L,32,87.9146919431279,A,P51681,32,
957,ccr5_tan_exp,L,33,82.7014218009478,A,P51681,33,
958,ccr5_tan_exp,P,34,91.9431279620853,A,P51681,34,
959,ccr5_tan_exp,P,35,110.900473933649,A,P51681,35,
960,ccr5_tan_exp,L,36,103.080568720379,A,P51681,36,
961,ccr5_tan_exp,Y,37,86.9668246445497,A,P51681,37,
962,ccr5_tan_exp,S,38,86.7298578199052,A,P51681,38,
