,Ascan_id,aa1,position,score,aa2,uniprot_id,u_pos,note
485,ccr5_nave_mip1a,non,non,146.699266503666,non,P51681,non,
486,ccr5_nave_mip1a,wt,wt,15012.2249388753,wt,P51681,wt,
487,ccr5_nave_mip1a,D,2,3178.48410757946,A,P51681,2,
488,ccr5_nave_mip1a,D,11,244.49877750611,A,P51681,11,
489,ccr5_nave_mip1a,E,18,1075.79462102689,A,P51681,18,
490,ccr5_nave_mip1a,K,22,4645.47677261613,A,P51681,22,
491,ccr5_nave_mip1a,K,26,3031.78484107579,A,P51681,26,
492,ccr5_nave_mip1a,R,31,9437.65281173594,A,P51681,31,
493,ccr5_nave_mip1a,D,95,4498.77750611247,A,P51681,95,
494,ccr5_nave_mip1a,R,168,1955.99022004889,A,P51681,168,
495,ccr5_nave_mip1a,K,171,1662.59168704156,A,P51681,171,
496,ccr5_nave_mip1a,E,172,1760.391198044,A,P51681,172,
497,ccr5_nave_mip1a,K,191,391.198044009781,A,P51681,191,
498,ccr5_nave_mip1a,K,197,2298.28850855745,A,P51681,197,
499,ccr5_nave_mip1a,E,262,16430.3178484107,A,P51681,262,
500,ccr5_nave_mip1a,R,274,4889.97555012225,A,P51681,274,
501,ccr5_nave_mip1a,D,276,2493.88753056234,A,P51681,276,
