,Ascan_id,aa1,position,score,aa2,uniprot_id,u_pos,note
536,ccr5_rabut_ada,non,non,0,non,P51681,non,
537,ccr5_rabut_ada,wt,wt,99.7452229299363,wt,P51681,wt,
538,ccr5_rabut_ada,Y,3,79.108280254777,A,P51681,3,
539,ccr5_rabut_ada,Q,4,129.554140127388,A,P51681,4,
540,ccr5_rabut_ada,S,6,120.955414012738,A,P51681,6,
541,ccr5_rabut_ada,S,7,107.770700636942,A,P51681,7,
542,ccr5_rabut_ada,P,8,126.114649681528,A,P51681,8,
543,ccr5_rabut_ada,Y,10,49.8726114649681,A,P51681,10,
544,ccr5_rabut_ada,Y,14,47.0063694267515,A,P51681,14,
545,ccr5_rabut_ada,Y,15,1.71974522292992,A,P51681,15,
546,ccr5_rabut_ada,T,16,136.433121019108,A,P51681,16,
547,ccr5_rabut_ada,S,17,27.5159235668789,A,P51681,17,
548,ccr5_rabut_ada,P,19,115.796178343949,A,P51681,19,
549,ccr5_rabut_ada,C,20,29.8089171974522,A,P51681,20,
550,ccr5_rabut_ada,Q,21,131.273885350318,A,P51681,21,
551,ccr5_rabut_ada,N,24,108.343949044585,A,P51681,24,
552,ccr5_rabut_ada,Q,27,104.904458598726,A,P51681,27,
