,Ascan_id,aa1,position,score,aa2,uniprot_id,u_pos,note
587,ccr5_rabut_dh123,non,non,0,non,P51681,non,
588,ccr5_rabut_dh123,wt,wt,99.5031055900621,wt,P51681,wt,
589,ccr5_rabut_dh123,Y,3,39.6894409937888,A,P51681,3,
590,ccr5_rabut_dh123,Q,4,103.975155279503,A,P51681,4,
591,ccr5_rabut_dh123,S,6,117.950310559006,A,P51681,6,
592,ccr5_rabut_dh123,S,7,105.093167701863,A,P51681,7,
593,ccr5_rabut_dh123,P,8,128.012422360248,A,P51681,8,
594,ccr5_rabut_dh123,Y,10,2.23602484472049,A,P51681,10,
595,ccr5_rabut_dh123,Y,14,0.559006211180104,A,P51681,14,
596,ccr5_rabut_dh123,Y,15,-0.559006211180144,A,P51681,15,
597,ccr5_rabut_dh123,T,16,125.776397515527,A,P51681,16,
598,ccr5_rabut_dh123,S,17,21.2422360248447,A,P51681,17,
599,ccr5_rabut_dh123,P,19,156.521739130434,A,P51681,19,
600,ccr5_rabut_dh123,C,20,1.11801242236024,A,P51681,20,
601,ccr5_rabut_dh123,Q,21,108.447204968944,A,P51681,21,
602,ccr5_rabut_dh123,N,24,127.453416149068,A,P51681,24,
603,ccr5_rabut_dh123,Q,27,122.422360248447,A,P51681,27,
