,Ascan_id,aa1,position,score,aa2,uniprot_id,u_pos,note
981,ccr5_tan_sf162,non,non,0,non,P51681,non,
982,ccr5_tan_sf162,wt,wt,100,wt,P51681,wt,
983,ccr5_tan_sf162,Q,21,120.247295208655,A,P51681,21,
984,ccr5_tan_sf162,K,22,95.2086553323029,A,P51681,22,
985,ccr5_tan_sf162,I,23,153.323029366306,A,P51681,23,
986,ccr5_tan_sf162,N,24,140.030911901081,A,P51681,24,
987,ccr5_tan_sf162,V,25,82.2256568778979,A,P51681,25,
988,ccr5_tan_sf162,K,26,56.5687789799072,A,P51681,26,
989,ccr5_tan_sf162,Q,27,102.318392581143,A,P51681,27,
990,ccr5_tan_sf162,I,28,82.8438948995363,A,P51681,28,
991,ccr5_tan_sf162,R,31,98.2998454404946,A,P51681,31,
992,ccr5_tan_sf162,L,32,50.3863987635239,A,P51681,32,
993,ccr5_tan_sf162,L,33,114.374034003091,A,P51681,33,
994,ccr5_tan_sf162,P,34,80.3709428129829,A,P51681,34,
995,ccr5_tan_sf162,P,35,117.465224111282,A,P51681,35,
996,ccr5_tan_sf162,L,36,27.5115919629057,A,P51681,36,
997,ccr5_tan_sf162,Y,37,68.0061823802163,A,P51681,37,
998,ccr5_tan_sf162,S,38,86.2442040185471,A,P51681,38,
