,Ascan_id,aa1,position,score,aa2,uniprot_id,u_pos,note
502,ccr5_nave_rantes,non,non,49.3827160493848,non,P51681,non,
503,ccr5_nave_rantes,wt,wt,17333.3333333333,wt,P51681,wt,
504,ccr5_nave_rantes,D,2,5530.86419753086,A,P51681,2,
505,ccr5_nave_rantes,D,11,197.530864197531,A,P51681,11,
506,ccr5_nave_rantes,E,18,1382.71604938271,A,P51681,18,
507,ccr5_nave_rantes,K,22,14222.2222222222,A,P51681,22,
508,ccr5_nave_rantes,K,26,7358.02469135802,A,P51681,26,
509,ccr5_nave_rantes,R,31,12938.2716049382,A,P51681,31,
510,ccr5_nave_rantes,D,95,7999.99999999999,A,P51681,95,
511,ccr5_nave_rantes,R,168,10024.6913580246,A,P51681,168,
512,ccr5_nave_rantes,K,171,4296.29629629629,A,P51681,171,
513,ccr5_nave_rantes,E,172,15012.3456790123,A,P51681,172,
514,ccr5_nave_rantes,K,191,2024.69135802469,A,P51681,191,
515,ccr5_nave_rantes,K,197,13777.7777777777,A,P51681,197,
516,ccr5_nave_rantes,E,262,17629.6296296296,A,P51681,262,
517,ccr5_nave_rantes,R,274,8345.67901234568,A,P51681,274,
518,ccr5_nave_rantes,D,276,12691.3580246913,A,P51681,276,
