,Ascan_id,aa1,position,score,aa2,uniprot_id,u_pos,note
764,ccr5_dragic_dh123,non,non,0,non,P51681,non,
765,ccr5_dragic_dh123,wt,wt,100.897097625329,wt,P51681,wt,
766,ccr5_dragic_dh123,D,2,48.9709762532981,A,P51681,2,
767,ccr5_dragic_dh123,D,11,1.2664907651715,A,P51681,11,
768,ccr5_dragic_dh123,E,18,10.976253298153,A,P51681,18,
769,ccr5_dragic_dh123,D,95,103.430079155672,A,P51681,95,
770,ccr5_dragic_dh123,E,262,130.448548812664,A,P51681,262,
771,ccr5_dragic_dh123,K,22,116.094986807387,A,P51681,22,
772,ccr5_dragic_dh123,K,26,64.1688654353562,A,P51681,26,
773,ccr5_dragic_dh123,R,31,48.9709762532981,A,P51681,31,
774,ccr5_dragic_dh123,H,88,116.094986807387,A,P51681,88,
775,ccr5_dragic_dh123,R,168,112.717678100263,A,P51681,168,
776,ccr5_dragic_dh123,H,175,137.625329815303,A,P51681,175,
777,ccr5_dragic_dh123,H,181,113.139841688654,A,P51681,181,
778,ccr5_dragic_dh123,N,13,104.973544973544,A,P51681,13,
779,ccr5_dragic_dh123,Q,93,122.751322751322,A,P51681,93,
780,ccr5_dragic_dh123,Q,102,105.396825396825,A,P51681,102,
781,ccr5_dragic_dh123,Y,184,91.8518518518518,A,P51681,184,
782,ccr5_dragic_dh123,Q,188,106.243386243386,A,P51681,188,
