,Ascan_id,aa1,position,score,aa2,uniprot_id,u_pos,note
915,ccr5_blanpain_jrfl,wt,wt,100.22429906542,wt,P51681,wt,
916,ccr5_blanpain_jrfl,non,non,0,non,P51681,non,
917,ccr5_blanpain_jrfl,D,2,38.2056074766355,A,P51681,2,
918,ccr5_blanpain_jrfl,Y,3,49.7196261682243,A,P51681,3,
919,ccr5_blanpain_jrfl,Q,4,109.906542056074,A,P51681,4,
920,ccr5_blanpain_jrfl,V,5,106.504672897196,A,P51681,5,
921,ccr5_blanpain_jrfl,S,6,115.925233644859,A,P51681,6,
922,ccr5_blanpain_jrfl,S,7,87.1401869158878,A,P51681,7,
923,ccr5_blanpain_jrfl,P,8,64.3738317757009,A,P51681,8,
924,ccr5_blanpain_jrfl,I,9,123.252336448598,A,P51681,9,
925,ccr5_blanpain_jrfl,Y,10,5.23364485981309,A,P51681,10,
926,ccr5_blanpain_jrfl,D,11,2.61682242990656,A,P51681,11,
927,ccr5_blanpain_jrfl,I,12,86.3551401869158,A,P51681,12,
928,ccr5_blanpain_jrfl,N,13,66.7289719626168,A,P51681,13,
929,ccr5_blanpain_jrfl,E,18,9.42056074766354,A,P51681,18,
