,Ascan_id,aa1,position,score,aa2,uniprot_id,u_pos,note
930,ccr5_blanpain_239,wt,wt,99.9626168224299,wt,P51681,wt,
931,ccr5_blanpain_239,non,non,0,non,P51681,non,
932,ccr5_blanpain_239,D,2,48.1495327102803,A,P51681,2,
933,ccr5_blanpain_239,Y,3,48.9345794392523,A,P51681,3,
934,ccr5_blanpain_239,Q,4,98.9158878504673,A,P51681,4,
935,ccr5_blanpain_239,V,5,111.214953271028,A,P51681,5,
936,ccr5_blanpain_239,S,6,94.4672897196261,A,P51681,6,
937,ccr5_blanpain_239,S,7,101.794392523364,A,P51681,7,
938,ccr5_blanpain_239,P,8,91.0654205607476,A,P51681,8,
939,ccr5_blanpain_239,I,9,137.121495327102,A,P51681,9,
940,ccr5_blanpain_239,Y,10,25.6448598130841,A,P51681,10,
941,ccr5_blanpain_239,D,11,7.58878504672899,A,P51681,11,
942,ccr5_blanpain_239,I,12,108.07476635514,A,P51681,12,
943,ccr5_blanpain_239,N,13,118.803738317757,A,P51681,13,
944,ccr5_blanpain_239,E,18,58.6168224299065,A,P51681,18,
