,Ascan_id,aa1,position,score,aa2,uniprot_id,u_pos,note
1441,cxcr4_lin_rodb-cd4,non,non,9.71867007672636,non,P61073,non,
1442,cxcr4_lin_rodb-cd4,wt,wt,99.23273657289,wt,P61073,wt,
1443,cxcr4_lin_rodb-cd4,Y,7,66.4961636828644,A,P61073,7,
1444,cxcr4_lin_rodb-cd4,Y,12,91.5601023017902,A,P61073,12,
1445,cxcr4_lin_rodb-cd4,Y,21,75.7033248081841,A,P61073,21,
1446,cxcr4_lin_rodb-cd4,E,2,85.9335038363171,A,P61073,2,
1447,cxcr4_lin_rodb-cd4,D,10,111.508951406649,A,P61073,10,
1448,cxcr4_lin_rodb-cd4,D,20,57.8005115089514,A,P61073,20,
1449,cxcr4_lin_rodb-cd4,D,22,12.7877237851662,A,P61073,22,
1450,cxcr4_lin_rodb-cd4,K,25,99.23273657289,A,P61073,25,
1451,cxcr4_lin_rodb-cd4,E,26,22.5063938618925,A,P61073,26,
1452,cxcr4_lin_rodb-cd4,K,38,59.3350383631713,A,P61073,38,
1453,cxcr4_lin_rodb-cd4,D,97,64.4501278772378,A,P61073,97,
1454,cxcr4_lin_rodb-cd4,Y,103,94.1176470588235,A,P61073,103,
1455,cxcr4_lin_rodb-cd4,F,104,75.7033248081841,A,P61073,104,
1456,cxcr4_lin_rodb-cd4,F,107,69.5652173913043,A,P61073,107,
1457,cxcr4_lin_rodb-cd4,K,110,60.3580562659846,A,P61073,110,
1458,cxcr4_lin_rodb-cd4,N,176,39.386189258312,A,P61073,176,
1459,cxcr4_lin_rodb-cd4,E,179,32.2250639386189,A,P61073,179,
1460,cxcr4_lin_rodb-cd4,D,181,46.5473145780051,A,P61073,181,
1461,cxcr4_lin_rodb-cd4,D,182,28.1329923273657,A,P61073,182,
1462,cxcr4_lin_rodb-cd4,Y,184,66.4961636828644,A,P61073,184,
1463,cxcr4_lin_rodb-cd4,D,187,48.081841432225,A,P61073,187,
1464,cxcr4_lin_rodb-cd4,R,188,23.5294117647058,A,P61073,188,
1465,cxcr4_lin_rodb-cd4,F,189,34.2710997442455,A,P61073,189,
1466,cxcr4_lin_rodb-cd4,Y,190,51.1508951406649,A,P61073,190,
1467,cxcr4_lin_rodb-cd4,P,191,57.2890025575447,A,P61073,191,
1468,cxcr4_lin_rodb-cd4,N,192,29.6675191815857,A,P61073,192,
1469,cxcr4_lin_rodb-cd4,D,193,24.0409207161125,A,P61073,193,
1470,cxcr4_lin_rodb-cd4,D,262,60.3580562659846,A,P61073,262,
1471,cxcr4_lin_rodb-cd4,E,268,68.542199488491,A,P61073,268,
1472,cxcr4_lin_rodb-cd4,K,271,62.9156010230179,A,P61073,271,
1473,cxcr4_lin_rodb-cd4,E,275,59.3350383631713,A,P61073,275,
1474,cxcr4_lin_rodb-cd4,E,277,63.4271099744245,A,P61073,277,
1475,cxcr4_lin_rodb-cd4,K,282,83.8874680306905,A,P61073,282,
