,Ascan_id,aa1,position,score,aa2,uniprot_id,u_pos,note
1336,cxcr4_lin_vcp-pc,non,non,0.516795865633088,non,P61073,non,
1337,cxcr4_lin_vcp-pc,wt,wt,58.3979328165374,wt,P61073,wt,
1338,cxcr4_lin_vcp-pc,Y,7,26.8733850129199,A,P61073,7,
1339,cxcr4_lin_vcp-pc,Y,12,64.0826873385012,A,P61073,12,
1340,cxcr4_lin_vcp-pc,Y,21,13.4366925064599,A,P61073,21,
1341,cxcr4_lin_vcp-pc,E,2,84.7545219638242,A,P61073,2,
1342,cxcr4_lin_vcp-pc,D,10,93.0232558139535,A,P61073,10,
1343,cxcr4_lin_vcp-pc,D,20,34.1085271317829,A,P61073,20,
1344,cxcr4_lin_vcp-pc,D,22,11.8863049095607,A,P61073,22,
1345,cxcr4_lin_vcp-pc,K,25,97.6744186046511,A,P61073,25,
1346,cxcr4_lin_vcp-pc,E,26,6.71834625322997,A,P61073,26,
1347,cxcr4_lin_vcp-pc,K,38,43.9276485788113,A,P61073,38,
1348,cxcr4_lin_vcp-pc,D,97,52.7131782945736,A,P61073,97,
1349,cxcr4_lin_vcp-pc,Y,103,86.8217054263566,A,P61073,103,
1350,cxcr4_lin_vcp-pc,F,104,123.514211886304,A,P61073,104,
1351,cxcr4_lin_vcp-pc,F,107,48.0620155038759,A,P61073,107,
1352,cxcr4_lin_vcp-pc,K,110,57.8811369509044,A,P61073,110,
1353,cxcr4_lin_vcp-pc,N,176,36.6925064599483,A,P61073,176,
1354,cxcr4_lin_vcp-pc,E,179,28.4237726098191,A,P61073,179,
1355,cxcr4_lin_vcp-pc,D,181,43.9276485788113,A,P61073,181,
1356,cxcr4_lin_vcp-pc,D,182,23.7726098191214,A,P61073,182,
1357,cxcr4_lin_vcp-pc,Y,184,31.0077519379844,A,P61073,184,
1358,cxcr4_lin_vcp-pc,D,187,14.9870801033591,A,P61073,187,
1359,cxcr4_lin_vcp-pc,R,188,39.7932816537467,A,P61073,188,
1360,cxcr4_lin_vcp-pc,F,189,18.0878552971576,A,P61073,189,
1361,cxcr4_lin_vcp-pc,Y,190,45.4780361757105,A,P61073,190,
1362,cxcr4_lin_vcp-pc,P,191,44.4444444444444,A,P61073,191,
1363,cxcr4_lin_vcp-pc,N,192,49.0956072351421,A,P61073,192,
1364,cxcr4_lin_vcp-pc,D,193,21.7054263565891,A,P61073,193,
1365,cxcr4_lin_vcp-pc,D,262,23.7726098191214,A,P61073,262,
1366,cxcr4_lin_vcp-pc,E,268,16.5374677002583,A,P61073,268,
1367,cxcr4_lin_vcp-pc,K,271,84.2377260981912,A,P61073,271,
1368,cxcr4_lin_vcp-pc,E,275,58.9147286821705,A,P61073,275,
1369,cxcr4_lin_vcp-pc,E,277,38.2428940568475,A,P61073,277,
1370,cxcr4_lin_vcp-pc,K,282,35.6589147286821,A,P61073,282,
