,Ascan_id,aa1,position,score,aa2,uniprot_id,u_pos,note
1123,cxcr4_chabot_896,K,282,111.405835543766,A,P61073,282,
1124,cxcr4_chabot_896,H,281,101.856763925729,A,P61073,281,
1125,cxcr4_chabot_896,E,277,66.445623342175,A,P61073,277,
1126,cxcr4_chabot_896,E,275,71.2201591511936,A,P61073,275,
1127,cxcr4_chabot_896,K,271,112.599469496021,A,P61073,271,
1128,cxcr4_chabot_896,E,268,70.4244031830238,A,P61073,268,
1129,cxcr4_chabot_896,D,262,134.880636604774,A,P61073,262,
1130,cxcr4_chabot_896,F,201,52.5198938992042,A,P61073,201,
1131,cxcr4_chabot_896,D,193,91.5119363395225,A,P61073,193,
1132,cxcr4_chabot_896,R,188,51.7241379310345,A,P61073,188,
1133,cxcr4_chabot_896,D,187,81.5649867374005,A,P61073,187,
1134,cxcr4_chabot_896,D,182,53.315649867374,A,P61073,182,
1135,cxcr4_chabot_896,D,181,105.039787798408,A,P61073,181,
1136,cxcr4_chabot_896,E,179,114.588859416445,A,P61073,179,
1137,cxcr4_chabot_896,N,176,85.5437665782493,A,P61073,176,
1138,cxcr4_chabot_896,K,110,68.4350132625994,A,P61073,110,
1139,cxcr4_chabot_896,D,97,27.0557029177718,A,P61073,97,
1140,cxcr4_chabot_896,E,32,35.4111405835543,A,P61073,32,
1141,cxcr4_chabot_896,E,31,117.374005305039,A,P61073,31,
1142,cxcr4_chabot_896,R,30,136.074270557029,A,P61073,30,
1143,cxcr4_chabot_896,E,26,68.4350132625994,A,P61073,26,
1144,cxcr4_chabot_896,K,25,61.2732095490716,A,P61073,25,
1145,cxcr4_chabot_896,D,22,156.763925729442,A,P61073,22,
1146,cxcr4_chabot_896,D,20,100.663129973474,A,P61073,20,
1147,cxcr4_chabot_896,E,15,38.9920424403182,A,P61073,15,
1148,cxcr4_chabot_896,E,14,46.9496021220159,A,P61073,14,
1149,cxcr4_chabot_896,N,11,60.4774535809018,A,P61073,11,
1150,cxcr4_chabot_896,D,10,101.856763925729,A,P61073,10,
1151,cxcr4_chabot_896,E,2,86.7374005305039,A,P61073,2,
1152,cxcr4_chabot_896,non,non,4.3766578249337,non,P61073,non,
1153,cxcr4_chabot_896,wt,wt,100,wt,P61073,wt,
