,Ascan_id,aa1,position,score,aa2,uniprot_id,u_pos,note
1061,cxcr4_chabot_bh10,K,282,126.063829787234,A,P61073,282,
1062,cxcr4_chabot_bh10,H,281,94.1489361702127,A,P61073,281,
1063,cxcr4_chabot_bh10,E,277,82.9787234042553,A,P61073,277,
1064,cxcr4_chabot_bh10,E,275,77.3936170212765,A,P61073,275,
1065,cxcr4_chabot_bh10,K,271,101.728723404255,A,P61073,271,
1066,cxcr4_chabot_bh10,E,268,98.9361702127659,A,P61073,268,
1067,cxcr4_chabot_bh10,D,262,73.4042553191488,A,P61073,262,
1068,cxcr4_chabot_bh10,F,201,62.6329787234042,A,P61073,201,
1069,cxcr4_chabot_bh10,D,193,86.9680851063829,A,P61073,193,
1070,cxcr4_chabot_bh10,R,188,45.877659574468,A,P61073,188,
1071,cxcr4_chabot_bh10,D,187,87.7659574468084,A,P61073,187,
1072,cxcr4_chabot_bh10,D,182,67.0212765957446,A,P61073,182,
1073,cxcr4_chabot_bh10,D,181,103.324468085106,A,P61073,181,
1074,cxcr4_chabot_bh10,E,179,124.468085106382,A,P61073,179,
1075,cxcr4_chabot_bh10,N,176,111.702127659574,A,P61073,176,
1076,cxcr4_chabot_bh10,K,110,62.2340425531914,A,P61073,110,
1077,cxcr4_chabot_bh10,D,97,24.7340425531914,A,P61073,97,
1078,cxcr4_chabot_bh10,E,32,29.1223404255319,A,P61073,32,
1079,cxcr4_chabot_bh10,E,31,101.728723404255,A,P61073,31,
1080,cxcr4_chabot_bh10,R,30,90.5585106382978,A,P61073,30,
1081,cxcr4_chabot_bh10,E,26,74.6010638297872,A,P61073,26,
1082,cxcr4_chabot_bh10,K,25,76.595744680851,A,P61073,25,
1083,cxcr4_chabot_bh10,D,22,160.372340425531,A,P61073,22,
1084,cxcr4_chabot_bh10,D,20,115.292553191489,A,P61073,20,
1085,cxcr4_chabot_bh10,E,15,43.8829787234042,A,P61073,15,
1086,cxcr4_chabot_bh10,E,14,41.8882978723404,A,P61073,14,
1087,cxcr4_chabot_bh10,N,11,73.0053191489361,A,P61073,11,
1088,cxcr4_chabot_bh10,D,10,116.88829787234,A,P61073,10,
1089,cxcr4_chabot_bh10,E,2,76.595744680851,A,P61073,2,
1090,cxcr4_chabot_bh10,non,non,2.39361702127658,non,P61073,non,
1091,cxcr4_chabot_bh10,wt,wt,100,wt,P61073,wt,
