,Ascan_id,aa1,position,score,aa2,uniprot_id,u_pos,note
1030,cxcr4_chabot_lav,K,282,107.6,A,P61073,282,
1031,cxcr4_chabot_lav,H,281,80,A,P61073,281,
1032,cxcr4_chabot_lav,E,277,95.6,A,P61073,277,
1033,cxcr4_chabot_lav,E,275,64.4,A,P61073,275,
1034,cxcr4_chabot_lav,K,271,95.6,A,P61073,271,
1035,cxcr4_chabot_lav,E,268,90.4,A,P61073,268,
1036,cxcr4_chabot_lav,D,262,77.1999999999999,A,P61073,262,
1037,cxcr4_chabot_lav,F,201,56.8,A,P61073,201,
1038,cxcr4_chabot_lav,D,193,77.1999999999999,A,P61073,193,
1039,cxcr4_chabot_lav,R,188,39.5999999999999,A,P61073,188,
1040,cxcr4_chabot_lav,D,187,77.1999999999999,A,P61073,187,
1041,cxcr4_chabot_lav,D,182,61.1999999999999,A,P61073,182,
1042,cxcr4_chabot_lav,D,181,99.6,A,P61073,181,
1043,cxcr4_chabot_lav,E,179,102,A,P61073,179,
1044,cxcr4_chabot_lav,N,176,103.6,A,P61073,176,
1045,cxcr4_chabot_lav,K,110,74,A,P61073,110,
1046,cxcr4_chabot_lav,D,97,19.6,A,P61073,97,
1047,cxcr4_chabot_lav,E,32,25.5999999999999,A,P61073,32,
1048,cxcr4_chabot_lav,E,31,87.2,A,P61073,31,
1049,cxcr4_chabot_lav,R,30,90.4,A,P61073,30,
1050,cxcr4_chabot_lav,E,26,67.6,A,P61073,26,
1051,cxcr4_chabot_lav,K,25,73.6,A,P61073,25,
1052,cxcr4_chabot_lav,D,22,159.6,A,P61073,22,
1053,cxcr4_chabot_lav,D,20,102.8,A,P61073,20,
1054,cxcr4_chabot_lav,E,15,45.2,A,P61073,15,
1055,cxcr4_chabot_lav,E,14,43.6,A,P61073,14,
1056,cxcr4_chabot_lav,N,11,88.8,A,P61073,11,
1057,cxcr4_chabot_lav,D,10,92.8,A,P61073,10,
1058,cxcr4_chabot_lav,E,2,81.2,A,P61073,2,
1059,cxcr4_chabot_lav,non,non,3.99999999999999,non,P61073,non,
1060,cxcr4_chabot_lav,wt,wt,100,wt,P61073,wt,
