,Ascan_id,aa1,position,score,aa2,uniprot_id,u_pos,note
3039,cxcr4_chabot_infhxb2,R,188,6441.71779141104,A,P61073,188,
3040,cxcr4_chabot_infhxb2,K,110,4907.97546012269,A,P61073,110,
3041,cxcr4_chabot_infhxb2,D,97,1124.74437627811,A,P61073,97,
3042,cxcr4_chabot_infhxb2,E,32,8997.95501022494,A,P61073,32,
3043,cxcr4_chabot_infhxb2,E,15,5316.97341513292,A,P61073,15,
3044,cxcr4_chabot_infhxb2,E,14,21472.3926380368,A,P61073,14,
3045,cxcr4_chabot_infhxb2,wt,wt,16768.9161554192,wt,P61073,wt,
3046,cxcr4_chabot_infhxb2,non,non,306.748466257668,non,P61073,non,
