,Ascan_id,aa1,position,score,aa2,uniprot_id,u_pos,note
3047,cxcr4_chabot_infnl43,R,188,1533.74233128834,A,P61073,188,
3048,cxcr4_chabot_infnl43,K,110,18609.4069529652,A,P61073,110,
3049,cxcr4_chabot_infnl43,D,97,102.249488752556,A,P61073,97,
3050,cxcr4_chabot_infnl43,E,32,6032.71983640081,A,P61073,32,
3051,cxcr4_chabot_infnl43,E,15,16359.9182004089,A,P61073,15,
3052,cxcr4_chabot_infnl43,E,14,46932.5153374233,A,P61073,14,
3053,cxcr4_chabot_infnl43,wt,wt,38241.308793456,wt,P61073,wt,
3054,cxcr4_chabot_infnl43,non,non,102.249488752556,non,P61073,non,
