,Ascan_id,aa1,position,score,aa2,uniprot_id,u_pos,note
1181,cxcr4_tian_sdf1a,wt,wt,99.9999999999999,wt,P61073,wt,
1182,cxcr4_tian_sdf1a,non,non,33.5294117647058,non,P61073,non,
1183,cxcr4_tian_sdf1a,D,182,148.235294117647,A,P61073,182,
1184,cxcr4_tian_sdf1a,D,187,85.2941176470588,A,P61073,187,
1185,cxcr4_tian_sdf1a,F,189,174.117647058823,A,P61073,189,
1186,cxcr4_tian_sdf1a,P,191,139.411764705882,A,P61073,191,
1187,cxcr4_tian_sdf1a,Y,45,133.529411764705,A,P61073,45,
1188,cxcr4_tian_sdf1a,H,79,133.529411764705,A,P61073,79,
1189,cxcr4_tian_sdf1a,D,97,124.117647058823,A,P61073,97,
1190,cxcr4_tian_sdf1a,D,97,141.764705882352,E,P61073,97,
1191,cxcr4_tian_sdf1a,Y,121,87.6470588235294,A,P61073,121,
1192,cxcr4_tian_sdf1a,W,161,126.470588235294,A,P61073,161,
1193,cxcr4_tian_sdf1a,P,163,134.705882352941,A,P61073,163,
1194,cxcr4_tian_sdf1a,Y,219,88.235294117647,A,P61073,219,
1195,cxcr4_tian_sdf1a,W,252,98.235294117647,A,P61073,252,
1196,cxcr4_tian_sdf1a,Y,255,161.176470588235,A,P61073,255,
1197,cxcr4_tian_sdf1a,Y,256,137.058823529411,A,P61073,256,
1198,cxcr4_tian_sdf1a,D,262,99.9999999999999,A,P61073,262,
1199,cxcr4_tian_sdf1a,D,262,130,E,P61073,262,
1200,cxcr4_tian_sdf1a,E,288,56.4705882352941,A,P61073,288,
1201,cxcr4_tian_sdf1a,E,288,61.7647058823529,D,P61073,288,
1202,cxcr4_tian_sdf1a,H,294,94.7058823529411,A,P61073,294,
1203,cxcr4_tian_sdf1a,N,298,78.235294117647,A,P61073,298,
1204,cxcr4_tian_sdf1a,Y,302,94.7058823529411,A,P61073,302,
