,Ascan_id,aa1,position,score,aa2,uniprot_id,u_pos,note
1406,cxcr4_lin_rodb-pc,non,non,0,non,P61073,non,
1407,cxcr4_lin_rodb-pc,wt,wt,40.4092071611253,wt,P61073,wt,
1408,cxcr4_lin_rodb-pc,Y,7,21.4833759590792,A,P61073,7,
1409,cxcr4_lin_rodb-pc,Y,12,38.8746803069053,A,P61073,12,
1410,cxcr4_lin_rodb-pc,Y,21,23.5294117647058,A,P61073,21,
1411,cxcr4_lin_rodb-pc,E,2,47.5703324808183,A,P61073,2,
1412,cxcr4_lin_rodb-pc,D,10,58.8235294117646,A,P61073,10,
1413,cxcr4_lin_rodb-pc,D,20,21.9948849104859,A,P61073,20,
1414,cxcr4_lin_rodb-pc,D,22,6.13810741687978,A,P61073,22,
1415,cxcr4_lin_rodb-pc,K,25,68.542199488491,A,P61073,25,
1416,cxcr4_lin_rodb-pc,E,26,6.13810741687978,A,P61073,26,
1417,cxcr4_lin_rodb-pc,K,38,33.7595907928389,A,P61073,38,
1418,cxcr4_lin_rodb-pc,D,97,38.3631713554987,A,P61073,97,
1419,cxcr4_lin_rodb-pc,Y,103,34.7826086956521,A,P61073,103,
1420,cxcr4_lin_rodb-pc,F,104,45.0127877237851,A,P61073,104,
1421,cxcr4_lin_rodb-pc,F,107,23.0179028132992,A,P61073,107,
1422,cxcr4_lin_rodb-pc,K,110,38.3631713554987,A,P61073,110,
1423,cxcr4_lin_rodb-pc,N,176,26.0869565217391,A,P61073,176,
1424,cxcr4_lin_rodb-pc,E,179,19.4373401534526,A,P61073,179,
1425,cxcr4_lin_rodb-pc,D,181,24.0409207161125,A,P61073,181,
1426,cxcr4_lin_rodb-pc,D,182,17.391304347826,A,P61073,182,
1427,cxcr4_lin_rodb-pc,Y,184,24.5524296675191,A,P61073,184,
1428,cxcr4_lin_rodb-pc,D,187,18.4143222506394,A,P61073,187,
1429,cxcr4_lin_rodb-pc,R,188,19.4373401534526,A,P61073,188,
1430,cxcr4_lin_rodb-pc,F,189,17.391304347826,A,P61073,189,
1431,cxcr4_lin_rodb-pc,Y,190,14.3222506393862,A,P61073,190,
1432,cxcr4_lin_rodb-pc,P,191,33.7595907928389,A,P61073,191,
1433,cxcr4_lin_rodb-pc,N,192,32.7365728900255,A,P61073,192,
1434,cxcr4_lin_rodb-pc,D,193,12.2762148337596,A,P61073,193,
1435,cxcr4_lin_rodb-pc,D,262,-1.02301790281326,A,P61073,262,
1436,cxcr4_lin_rodb-pc,E,268,17.391304347826,A,P61073,268,
1437,cxcr4_lin_rodb-pc,K,271,50.6393861892583,A,P61073,271,
1438,cxcr4_lin_rodb-pc,E,275,42.4552429667519,A,P61073,275,
1439,cxcr4_lin_rodb-pc,E,277,16.8797953964194,A,P61073,277,
1440,cxcr4_lin_rodb-pc,K,282,28.6445012787723,A,P61073,282,
