,Ascan_id,aa1,position,score,aa2,uniprot_id,u_pos,note
1205,cxcr4_tian_896,non,non,5.75539568345325,non,P61073,non,
1206,cxcr4_tian_896,wt,wt,100,wt,P61073,wt,
1207,cxcr4_tian_896,Y,45,26.4748201438849,A,P61073,45,
1208,cxcr4_tian_896,H,79,49.4964028776978,A,P61073,79,
1209,cxcr4_tian_896,F,87,83.4532374100719,A,P61073,87,
1210,cxcr4_tian_896,D,97,31.0791366906474,A,P61073,97,
1211,cxcr4_tian_896,D,97,66.7625899280575,E,P61073,97,
1212,cxcr4_tian_896,Y,121,92.6618705035971,A,P61073,121,
1213,cxcr4_tian_896,W,161,74.2446043165467,A,P61073,161,
1214,cxcr4_tian_896,P,163,58.1294964028777,A,P61073,163,
1215,cxcr4_tian_896,D,171,31.6546762589928,A,P61073,171,
1216,cxcr4_tian_896,Y,219,78.8489208633093,A,P61073,219,
1217,cxcr4_tian_896,W,252,55.8273381294964,A,P61073,252,
1218,cxcr4_tian_896,Y,255,37.410071942446,A,P61073,255,
1219,cxcr4_tian_896,Y,256,109.928057553956,A,P61073,256,
1220,cxcr4_tian_896,D,262,75.9712230215827,A,P61073,262,
1221,cxcr4_tian_896,D,262,62.1582733812949,E,P61073,262,
1222,cxcr4_tian_896,E,288,31.6546762589928,A,P61073,288,
1223,cxcr4_tian_896,E,288,41.4388489208633,D,P61073,288,
1224,cxcr4_tian_896,F,292,84.0287769784172,A,P61073,292,
1225,cxcr4_tian_896,H,294,49.4964028776978,A,P61073,294,
1226,cxcr4_tian_896,N,298,56.4028776978417,A,P61073,298,
1227,cxcr4_tian_896,Y,302,101.870503597122,A,P61073,302,
