,Ascan_id,aa1,position,score,aa2,uniprot_id,u_pos,note
1371,cxcr4_lin_vcp-cd4,non,non,1.03359173126614,non,P61073,non,
1372,cxcr4_lin_vcp-cd4,wt,wt,99.7416020671834,wt,P61073,wt,
1373,cxcr4_lin_vcp-cd4,Y,7,44.9612403100775,A,P61073,7,
1374,cxcr4_lin_vcp-cd4,Y,12,105.94315245478,A,P61073,12,
1375,cxcr4_lin_vcp-cd4,Y,21,64.0826873385012,A,P61073,21,
1376,cxcr4_lin_vcp-cd4,E,2,83.7209302325581,A,P61073,2,
1377,cxcr4_lin_vcp-cd4,D,10,134.883720930232,A,P61073,10,
1378,cxcr4_lin_vcp-cd4,D,20,26.8733850129199,A,P61073,20,
1379,cxcr4_lin_vcp-cd4,D,22,17.5710594315245,A,P61073,22,
1380,cxcr4_lin_vcp-cd4,K,25,160.206718346253,A,P61073,25,
1381,cxcr4_lin_vcp-cd4,E,26,19.6382428940568,A,P61073,26,
1382,cxcr4_lin_vcp-cd4,K,38,81.1369509043927,A,P61073,38,
1383,cxcr4_lin_vcp-cd4,D,97,83.204134366925,A,P61073,97,
1384,cxcr4_lin_vcp-cd4,Y,103,111.111111111111,A,P61073,103,
1385,cxcr4_lin_vcp-cd4,F,104,84.7545219638242,A,P61073,104,
1386,cxcr4_lin_vcp-cd4,F,107,86.3049095607235,A,P61073,107,
1387,cxcr4_lin_vcp-cd4,K,110,56.8475452196382,A,P61073,110,
1388,cxcr4_lin_vcp-cd4,N,176,43.9276485788113,A,P61073,176,
1389,cxcr4_lin_vcp-cd4,E,179,33.0749354005167,A,P61073,179,
1390,cxcr4_lin_vcp-cd4,D,181,59.9483204134367,A,P61073,181,
1391,cxcr4_lin_vcp-cd4,D,182,26.8733850129199,A,P61073,182,
1392,cxcr4_lin_vcp-cd4,Y,184,70.8010335917312,A,P61073,184,
1393,cxcr4_lin_vcp-cd4,D,187,37.2093023255814,A,P61073,187,
1394,cxcr4_lin_vcp-cd4,R,188,23.7726098191214,A,P61073,188,
1395,cxcr4_lin_vcp-cd4,F,189,28.9405684754522,A,P61073,189,
1396,cxcr4_lin_vcp-cd4,Y,190,65.6330749354005,A,P61073,190,
1397,cxcr4_lin_vcp-cd4,P,191,56.3307493540051,A,P61073,191,
1398,cxcr4_lin_vcp-cd4,N,192,24.2894056847545,A,P61073,192,
1399,cxcr4_lin_vcp-cd4,D,193,24.2894056847545,A,P61073,193,
1400,cxcr4_lin_vcp-cd4,D,262,52.1963824289405,A,P61073,262,
1401,cxcr4_lin_vcp-cd4,E,268,53.7467700258398,A,P61073,268,
1402,cxcr4_lin_vcp-cd4,K,271,70.8010335917312,A,P61073,271,
1403,cxcr4_lin_vcp-cd4,E,275,55.8139534883721,A,P61073,275,
1404,cxcr4_lin_vcp-cd4,E,277,55.297157622739,A,P61073,277,
1405,cxcr4_lin_vcp-cd4,K,282,102.842377260981,A,P61073,282,
