,Ascan_id,aa1,position,score,aa2,uniprot_id,u_pos,note
1092,cxcr4_chabot_sf2,K,282,120.877659574468,A,P61073,282,
1093,cxcr4_chabot_sf2,H,281,152.792553191489,A,P61073,281,
1094,cxcr4_chabot_sf2,E,277,159.973404255319,A,P61073,277,
1095,cxcr4_chabot_sf2,E,275,99.7340425531915,A,P61073,275,
1096,cxcr4_chabot_sf2,K,271,108.111702127659,A,P61073,271,
1097,cxcr4_chabot_sf2,E,268,87.3670212765957,A,P61073,268,
1098,cxcr4_chabot_sf2,D,262,53.8563829787234,A,P61073,262,
1099,cxcr4_chabot_sf2,F,201,44.6808510638297,A,P61073,201,
1100,cxcr4_chabot_sf2,D,193,38.2978723404255,A,P61073,193,
1101,cxcr4_chabot_sf2,R,188,37.5,A,P61073,188,
1102,cxcr4_chabot_sf2,D,187,36.7021276595744,A,P61073,187,
1103,cxcr4_chabot_sf2,D,182,57.845744680851,A,P61073,182,
1104,cxcr4_chabot_sf2,D,181,140.425531914893,A,P61073,181,
1105,cxcr4_chabot_sf2,E,179,104.920212765957,A,P61073,179,
1106,cxcr4_chabot_sf2,N,176,95.7446808510638,A,P61073,176,
1107,cxcr4_chabot_sf2,K,110,86.1702127659574,A,P61073,110,
1108,cxcr4_chabot_sf2,D,97,65.4255319148936,A,P61073,97,
1109,cxcr4_chabot_sf2,E,32,39.4946808510638,A,P61073,32,
1110,cxcr4_chabot_sf2,E,31,68.2180851063829,A,P61073,31,
1111,cxcr4_chabot_sf2,R,30,44.6808510638297,A,P61073,30,
1112,cxcr4_chabot_sf2,E,26,43.4840425531914,A,P61073,26,
1113,cxcr4_chabot_sf2,K,25,35.1063829787234,A,P61073,25,
1114,cxcr4_chabot_sf2,D,22,151.595744680851,A,P61073,22,
1115,cxcr4_chabot_sf2,D,20,88.1648936170212,A,P61073,20,
1116,cxcr4_chabot_sf2,E,15,45.4787234042553,A,P61073,15,
1117,cxcr4_chabot_sf2,E,14,43.4840425531914,A,P61073,14,
1118,cxcr4_chabot_sf2,N,11,96.5425531914893,A,P61073,11,
1119,cxcr4_chabot_sf2,D,10,71.0106382978723,A,P61073,10,
1120,cxcr4_chabot_sf2,E,2,111.303191489361,A,P61073,2,
1121,cxcr4_chabot_sf2,non,non,5.18617021276595,non,P61073,non,
1122,cxcr4_chabot_sf2,wt,wt,100,wt,P61073,wt,
