,Ascan_id,aa1,position,score,aa2,uniprot_id,u_pos,note
10,gal4,non,non,0,non,P04386,non,
11,gal4,wt,wt,1,wt,P04386,wt,
12,gal4,E,58,0.20923614957696599,A,P04386,58,
13,gal4,S,59,1.0624938907171484,A,P04386,59,
14,gal4,R,60,1.470105242579258,A,P04386,60,
15,gal4,L,61,0.8586990757333854,A,P04386,61,
16,gal4,E,62,1,A,P04386,62,
17,gal4,R,63,0.5407665656598568,A,P04386,63,
18,gal4,L,64,0,A,P04386,64,
19,gal4,E,65,0.8369554592551561,A,P04386,65,
20,gal4,Q,66,1.4347745810389583,A,P04386,66,
21,gal4,L,67,0.5717637092307193,A,P04386,67,
22,gal4,F,68,0.8532577411401822,A,P04386,68,
23,gal4,L,69,0,A,P04386,69,
24,gal4,L,70,0,A,P04386,70,
25,gal4,I,71,0,A,P04386,71,
26,gal4,F,72,0,A,P04386,72,
27,gal4,P,73,0.8609255699282092,A,P04386,73,
28,gal4,R,74,1.5217381860045833,A,P04386,74,
29,gal4,E,75,0,A,P04386,75,
30,gal4,D,76,0,A,P04386,76,
31,gal4,L,77,0.8614143125563412,A,P04386,77,
32,gal4,D,78,0.5434818024828125,A,P04386,78,
33,gal4,M,79,0.6467368283861719,A,P04386,79,
34,gal4,I,80,0.45380296069423165,A,P04386,80,
35,gal4,L,81,0.8478272674942708,A,P04386,81,
36,gal4,K,82,1.1304291160275,A,P04386,82,
37,gal4,M,83,0.2826127094805208,A,P04386,83,
38,gal4,D,84,0.2499972847631771,A,P04386,84,
39,gal4,S,85,0.032615424717343695,A,P04386,85,
40,gal4,L,86,0,A,P04386,86,
41,gal4,Q,87,1.269014803471159,A,P04386,87,
42,gal4,D,88,0.5760863662528647,A,P04386,88,
43,gal4,I,89,0,A,P04386,89,
44,gal4,K,90,0.8451120306713151,A,P04386,90,
45,gal4,A,91,0.5190229491816275,A,P04386,91,
46,gal4,L,92,0.0760917967265105,A,P04386,92,
47,gal4,L,93,0.038045898363255094,A,P04386,93,
48,gal4,T,94,0.6548933998023309,A,P04386,94,
49,gal4,G,95,1.404885254091862,A,P04386,95,
50,gal4,L,96,0,A,P04386,96,
51,gal4,F,97,0.10598112367360663,A,P04386,97,
