,Ascan_id,aa1,position,score,aa2,uniprot_id,u_pos,note
262,jun,non,non,0,non,P05412,non,
263,jun,wt,wt,270.41293598824,wt,P05412,wt,
264,jun,E,284,164.666577575838,A,P05412,275,
265,jun,R,285,10.3835360149672,A,P05412,276,
266,jun,I,286,151.302953360951,A,P05412,277,
267,jun,R,288,302.32527061339,A,P05412,279,
268,jun,K,292,111.078444474141,A,P05412,283,
