,Ascan_id,aa1,position,score,aa2,uniprot_id,u_pos,note
70,pten,non,non,100,non,P60484,non,
71,pten,wt,wt,10.842844600526774,wt,P60484,wt,
72,pten,I,122,67.13125548726954,A,P60484,122,
73,pten,H,123,92.87340869183495,A,P60484,123,
74,pten,C,124,93.76234635645304,A,P60484,124,
75,pten,K,125,83.26245610184372,A,P60484,125,
76,pten,G,127,87.72497805092188,A,P60484,127,
77,pten,K,128,88.69210930640914,A,P60484,128,
78,pten,G,129,19.07923617208076,A,P60484,129,
79,pten,R,130,80.86040386303776,A,P60484,130,
80,pten,T,131,48.939585162423164,A,P60484,131,
81,pten,T,160,56.491439859525904,A,P60484,160,
82,pten,R,161,36.583625987708494,A,P60484,161,
83,pten,D,162,68.50444468832308,A,P60484,162,
84,pten,K,163,10.155564091308156,A,P60484,163,
85,pten,K,164,21.825614574187885,A,P60484,164,
86,pten,G,165,25.539124231782257,A,P60484,165,
87,pten,V,166,84.63564530289727,A,P60484,166,
88,pten,T,167,50.6557287093942,A,P60484,167,
89,pten,I,168,9.126701053555742,A,P60484,168,
90,pten,P,169,15.991275241439839,A,P60484,169,
91,pten,S,170,7.4105575065847065,A,P60484,170,
92,pten,Q,171,92.18612818261633,A,P60484,171,
93,pten,Y,88,61.98282484635646,A,P60484,88,
94,pten,P,89,7.4105575065847065,A,P60484,89,
95,pten,F,90,24.570621158911333,A,P60484,90,
96,pten,E,91,10.498518437225627,A,P60484,91,
97,pten,D,92,96.305695785777,A,P60484,92,
98,pten,H,93,93.21636303775243,A,P60484,93,
99,pten,N,94,4.664179104477582,A,P60484,94,
100,pten,P,95,20.45242537313432,A,P60484,95,
101,pten,P,96,51.68596356453029,A,P60484,96,
102,pten,Q,97,4.040002194907806,A,P60484,97,
103,pten,L,98,14.022717295873548,A,P60484,98,
