,Ascan_id,aa1,position,score,aa2,uniprot_id,u_pos,note
415,raf1_transact_erk1,non,non,1.010101010101,non,P04049,non,
416,raf1_transact_erk1,wt,wt,2.06509539842873,wt,P04049,wt,
417,raf1_transact_erk1,K,65,1.68350168350168,A,P04049,65,
418,raf1_transact_erk1,K,65,2.67115600448933,E,P04049,65,
419,raf1_transact_erk1,K,65,1.79573512906846,M,P04049,65,
420,raf1_transact_erk1,N,64,1.59371492704826,A,P04049,64,
421,raf1_transact_erk1,V,69,1.54882154882154,A,P04049,69,
422,raf1_transact_erk1,T,68,1.59371492704826,A,P04049,68,
423,raf1_transact_erk1,R,67,1.43658810325476,A,P04049,67,
424,raf1_transact_erk1,R,59,0.987654320987653,A,P04049,59,
425,raf1_transact_erk1,Q,66,0.987654320987653,A,P04049,66,
426,raf1_transact_erk1,K,84,0.987654320987653,A,P04049,84,
427,raf1_transact_erk1,R,89,0.987654320987653,L,P04049,89,
