,Ascan_id,aa1,position,score,aa2,uniprot_id,u_pos,note
428,raf1_transact_erk1G12V,non,non,2.40179573512906,non,P04049,non,
429,raf1_transact_erk1G12V,wt,wt,19.7081930415263,wt,P04049,wt,
430,raf1_transact_erk1G12V,K,65,17.2390572390572,A,P04049,65,
431,raf1_transact_erk1G12V,K,65,17.0594837261503,E,P04049,65,
432,raf1_transact_erk1G12V,K,65,16.2738496071829,M,P04049,65,
433,raf1_transact_erk1G12V,N,64,13.3108866442199,A,P04049,64,
434,raf1_transact_erk1G12V,V,69,11.8967452300785,A,P04049,69,
435,raf1_transact_erk1G12V,T,68,11.4029180695847,A,P04049,68,
436,raf1_transact_erk1G12V,R,67,7.54208754208754,A,P04049,67,
437,raf1_transact_erk1G12V,R,59,6.32996632996632,A,P04049,59,
438,raf1_transact_erk1G12V,Q,66,3.1425364758698,A,P04049,66,
439,raf1_transact_erk1G12V,K,84,0.987654320987653,A,P04049,84,
440,raf1_transact_erk1G12V,R,89,1.54882154882154,L,P04049,89,
