,Ascan_id,aa1,position,score,aa2,uniprot_id,u_pos,note
1510,sumo1_tat3,non,non,92.0765027322404,non,P63165,non,largest
1511,sumo1_tat3,wt,wt,52.1857923497267,wt,P63165,wt,
1512,sumo1_tat3,T,42,55.7377049180327,A,P63165,42,
1513,sumo1_tat3,R,54,67.75956284153,A,P63165,54,
1514,sumo1_tat3,K,39,60.1092896174863,A,P63165,39,
1515,sumo1_tat3,K,46,66.6666666666666,A,P63165,46,
1516,sumo1_tat3,K,37,69.6721311475409,A,P63165,37,
