,Ascan_id,aa1,position,score,aa2,uniprot_id,u_pos,note
1476,ub_free,non,non,0.104477611940298,non,P0CG63,non,
1477,ub_free,wt,wt,1,wt,P0CG63,wt,
1478,ub_free,I,3,3.08955223880597,A,P0CG63,3,
1479,ub_free,V,5,1.92537313432835,A,P0CG63,5,
1480,ub_free,T,7,2.79850746268656,A,P0CG63,7,
1481,ub_free,I,13,0.880597014925373,A,P0CG63,13,
1482,ub_free,L,15,2.50746268656716,A,P0CG63,15,
1483,ub_free,I,23,3.41791044776119,A,P0CG63,23,
1484,ub_free,V,26,1.84328358208955,A,P0CG63,26,
1485,ub_free,I,30,1.02985074626865,A,P0CG63,30,
1486,ub_free,Q,41,2.36567164179104,A,P0CG63,41,
1487,ub_free,L,43,0.0223880597014929,A,P0CG63,43,
1488,ub_free,L,50,0.798507462686567,A,P0CG63,50,
1489,ub_free,L,56,2.16417910447761,A,P0CG63,56,
1490,ub_free,I,61,1.83582089552238,A,P0CG63,61,
1491,ub_free,L,67,1.49253731343283,A,P0CG63,67,
1492,ub_free,L,69,2.01492537313432,A,P0CG63,69,
