,Ascan_id,aa1,position,score,aa2,uniprot_id,u_pos,note
132,ub_growth,non,non,-0.0236406619385342,non,P0CG63,non,
133,ub_growth,wt,wt,0.411347517730496,wt,P0CG63,wt,
134,ub_growth,I,3,0.391489361702127,A,P0CG63,3,
135,ub_growth,V,5,0.411347517730496,A,P0CG63,5,
136,ub_growth,T,7,0.411347517730496,A,P0CG63,7,
137,ub_growth,I,13,0.411347517730496,A,P0CG63,13,
138,ub_growth,L,15,0.421749408983451,A,P0CG63,15,
139,ub_growth,I,23,0.340425531914893,A,P0CG63,23,
140,ub_growth,V,26,0.340425531914893,A,P0CG63,26,
141,ub_growth,I,30,0.00851063829787241,A,P0CG63,30,
142,ub_growth,Q,41,0.401891252955082,A,P0CG63,41,
143,ub_growth,L,43,0.0037825059101655,A,P0CG63,43,
144,ub_growth,L,50,0.280851063829787,A,P0CG63,50,
145,ub_growth,L,56,0.220330969267139,A,P0CG63,56,
146,ub_growth,I,61,0.260992907801418,A,P0CG63,61,
147,ub_growth,L,67,0.11063829787234,A,P0CG63,67,
148,ub_growth,L,69,0.141843971631205,A,P0CG63,69,
