,Ascan_id,aa1,position,score,aa2,uniprot_id,u_pos,note
1493,ub_poly,non,non,0.238805970149253,non,P0CG63,non,
1494,ub_poly,wt,wt,1,wt,P0CG63,wt,
1495,ub_poly,I,3,1.30597014925373,A,P0CG63,3,
1496,ub_poly,V,5,1.16417910447761,A,P0CG63,5,
1497,ub_poly,T,7,1.48507462686567,A,P0CG63,7,
1498,ub_poly,I,13,0.940298507462687,A,P0CG63,13,
1499,ub_poly,L,15,0.835820895522387,A,P0CG63,15,
1500,ub_poly,I,23,0.574626865671642,A,P0CG63,23,
1501,ub_poly,V,26,0.611940298507462,A,P0CG63,26,
1502,ub_poly,I,30,1.82089552238805,A,P0CG63,30,
1503,ub_poly,Q,41,0.962686567164179,A,P0CG63,41,
1504,ub_poly,L,43,0.432835820895522,A,P0CG63,43,
1505,ub_poly,L,50,1.16417910447761,A,P0CG63,50,
1506,ub_poly,L,56,0.917910447761194,A,P0CG63,56,
1507,ub_poly,I,61,0.776119402985074,A,P0CG63,61,
1508,ub_poly,L,67,0.888059701492537,A,P0CG63,67,
1509,ub_poly,L,69,1.22388059701492,A,P0CG63,69,
