,Ascan_id,aa1,position,score,aa2,uniprot_id,u_pos,note
118,ube2i_rangap1,non,non,0,non,P63279,non,
119,ube2i_rangap1,wt,wt,1,wt,P63279,wt,
120,ube2i_rangap1,D,100,1.161594285930255,A,P63279,100,
121,ube2i_rangap1,D,127,0.8850798956707937,A,P63279,127,
122,ube2i_rangap1,P,128,0.01864595600343877,A,P63279,128,
123,ube2i_rangap1,Q,139,1.1528005328844368,A,P63279,139,
124,ube2i_rangap1,Y,134,0.05869587692465217,A,P63279,134,
125,ube2i_rangap1,T,135,1.230901558159053,A,P63279,135,
126,ube2i_rangap1,Y,87,0.2591080584773079,A,P63279,87,
127,ube2i_rangap1,S,89,0.9824903828637098,A,P63279,89,
128,ube2i_rangap1,E,98,0.828282949477764,A,P63279,98,
129,ube2i_rangap1,T,91,0.8839265592139034,A,P63279,91,
130,ube2i_rangap1,K,74,0.7556154537286612,A,P63279,74,
131,ube2i_rangap1,E,132,0.7922516587147943,A,P63279,132,
