,Ascan_id,aa1,position,score,aa2,uniprot_id,u_pos,note
1545,ube2i_ikba,non,non,0,non,P63279,non,
1546,ube2i_ikba,wt,wt,1,wt,P63279,wt,
1547,ube2i_ikba,D,100,0.28578879346165864,A,P63279,100,
1548,ube2i_ikba,D,127,0.0029447754307836416,A,P63279,127,
1549,ube2i_ikba,P,128,-0.000955227530421654,A,P63279,128,
1550,ube2i_ikba,Q,139,0.13154075334974413,A,P63279,139,
1551,ube2i_ikba,Y,134,0.3908194992506241,A,P63279,134,
1552,ube2i_ikba,T,135,0.15165173168422852,A,P63279,135,
1553,ube2i_ikba,Y,87,-0.001297772122830665,A,P63279,87,
1554,ube2i_ikba,S,89,0.005619412515964206,A,P63279,89,
1555,ube2i_ikba,E,98,0.2051675898940748,A,P63279,98,
1556,ube2i_ikba,T,91,0.02542261654014677,A,P63279,91,
1557,ube2i_ikba,K,74,0.061504235001256014,A,P63279,74,
1558,ube2i_ikba,E,132,0.08525654068170763,A,P63279,132,
