,Ascan_id,aa1,position,score,aa2,uniprot_id,u_pos,note
2256,ube2i_luciferase_front4,non,non,1.07017543859649,non,P63279,non,
2257,ube2i_luciferase_front4,wt,wt,5.29824561403508,wt,P63279,wt,
2258,ube2i_luciferase_front4,C,93,4.71929824561403,S,P63279,93,
2259,ube2i_luciferase_front4,K,14,5.24561403508771,R,P63279,14,
2260,ube2i_luciferase_front4,P,69,3.33333333333333,A,P63279,69,
2261,ube2i_luciferase_front4,R,17,0.947368421052631,A,P63279,17,
2262,ube2i_luciferase_front4,H,20,1.28070175438596,D,P63279,20,
