,Ascan_id,aa1,position,score,aa2,uniprot_id,u_pos,note
1531,ube2i_p53,non,non,0,non,P63279,non,
1532,ube2i_p53,wt,wt,1,wt,P63279,wt,
1533,ube2i_p53,D,100,0.8961238657147786,A,P63279,100,
1534,ube2i_p53,D,127,-0.0057017348751684516,A,P63279,127,
1535,ube2i_p53,P,128,-0.013342982435866624,A,P63279,128,
1536,ube2i_p53,Q,139,0.5042060328594686,A,P63279,139,
1537,ube2i_p53,Y,134,0.39059928233143126,A,P63279,134,
1538,ube2i_p53,T,135,0.5085764599838514,A,P63279,135,
1539,ube2i_p53,Y,87,-0.009132434843499126,A,P63279,87,
1540,ube2i_p53,S,89,0.10308543473440002,A,P63279,89,
1541,ube2i_p53,E,98,0.9448918448101571,A,P63279,98,
1542,ube2i_p53,T,91,0.11742248679937661,A,P63279,91,
1543,ube2i_p53,K,74,0.1145030699769517,A,P63279,74,
1544,ube2i_p53,E,132,0.4918245642723589,A,P63279,132,
